ID,Time,
1TON2K5X18KO0S0AMW,12:26:00,0:04:00
1TON2K5X18KO0S0AMW,12:30:00,FALSE
1TON2N9X1G6N458AFE,10:41:18,0:32:42
1TON2N9X1G6N458AFE,11:14:00,FALSE
1TON5J3X1G8F55ENAU,11:11:44,0:08:16
1TON5J3X1G8F55ENAU,11:20:00,FALSE
1TON5LAX1FGRLORAMP,11:56:00,0:27:14
1TON5LAX1FGRLORAMP,12:23:14,FALSE
1TON787X16FL4CNAFL,11:47:00,0:39:18
1TON787X16FL4CNAFL,12:26:18,FALSE
1TON7BCX19P8GH4AFD,11:05:00,0:33:00
1TON7BCX19P8GH4AFD,11:38:00,FALSE
1TON7VDX1GAD2B6AF3,10:46:00,FALSE
1TON8R9X16KGONUAAN,11:36:00,0:07:00
1TON8R9X16KGONUAAN,11:43:00,FALSE
1TONBJLX1G2L2ICAFM,11:34:37,1:04:23
1TONBJLX1G2L2ICAFM,12:39:00,FALSE
1TONBNPX1G8CQ4LAFT,12:13:57,22:54:03
1TONBNPX1G8CQ4LAFT,11:08:00,FALSE
1TONBUSX15B6NN7AF3,12:07:00,0:33:00
1TONBUSX15B6NN7AF3,12:40:00,FALSE
1TONCEAX1G3M039AAI,11:42:04,0:59:54
1TONCEAX1G3M039AAI,12:41:58,FALSE
1TONCSTX1GB44K3AFY,10:44:36,0:47:05
1TONCSTX1GB44K3AFY,11:31:41,FALSE
1TOND7QX14OQS5RAAK,11:18:12,0:03:48
1TOND7QX14OQS5RAAK,11:22:00,FALSE
1TONEK6X1FRGNHBAFP,11:46:00,FALSE
1TONFIVX1G6UHJVVM5,12:11:00,0:31:00
1TONFIVX1G6UHJVVM5,12:42:00,FALSE
1TONGQPX1G3K161AFJ,12:39:59,23:01:01
1TONGQPX1G3K161AFJ,11:41:00,FALSE
1TONHO4X1GADP9KAFF,12:07:00,0:33:00
1TONHO4X1GADP9KAFF,12:40:00,FALSE
1TONI70X1G7B344ASY,12:02:00,0:38:00
1TONI70X1G7B344ASY,12:40:00,FALSE
1TONID9X1E7JDEOAAG,11:47:00,1:00:00
1TONID9X1E7JDEOAAG,12:47:00,FALSE
1TONJD8X1GC622NAAG,11:50:18,0:19:42
1TONJD8X1GC622NAAG,12:10:00,FALSE
1TONK3VX19876QNANE,11:57:00,0:17:51
1TONK3VX19876QNANE,12:14:51,FALSE
1TONKCHX15VBURNAMD,12:21:22,0:28:38
1TONKCHX15VBURNAMD,12:50:00,FALSE
1TONLP9X1G4JUR1AAD,11:31:00,0:10:48
1TONLP9X1G4JUR1AAD,11:41:48,FALSE
1TONQUAX1G8L2K7AM9,12:15:38,0:21:52
1TONQUAX1G8L2K7AM9,12:37:30,FALSE
1TONSV5X1GCVRV0AF3,11:48:53,0:39:29
1TONSV5X1GCVRV0AF3,12:28:22,FALSE
1TONTOAX18L63UENAJ,11:35:27,0:31:31
1TONTOAX18L63UENAJ,12:06:58,FALSE
1TONU8IX1942GFNAAN,11:36:20,0:09:40
1TONU8IX1942GFNAAN,11:46:00,FALSE
1TOO3KGX1G7LQB6AF3,10:42:00,1:11:00
1TOO3KGX1G7LQB6AF3,11:53:00,FALSE
1TOO587X15TEPPIAAG,11:41:00,0:48:39
1TOO587X15TEPPIAAG,12:29:39,FALSE
1TOO675X1GDAAM2AAG,11:34:00,1:04:23
1TOO675X1GDAAM2AAG,12:38:23,FALSE
1TOO6T7X1G4V1LTAFD,11:13:00,0:13:00
1TOO6T7X1G4V1LTAFD,11:26:00,FALSE
1TOO7BTX1FKT6QUAFD,11:41:37,0:36:23
1TOO7BTX1FKT6QUAFD,12:18:00,FALSE
1TOO851X1GA3SE4AFB,11:01:00,0:43:00
1TOO851X1GA3SE4AFB,11:44:00,FALSE
1TOOANRX157ODAOAFI,11:07:00,FALSE
1TOOBB6X1FGHL9KAAY,11:24:00,0:08:00
1TOOBB6X1FGHL9KAAY,11:32:00,FALSE
1TOODP1X1GAOHAJAS2,10:52:00,0:09:56
1TOODP1X1GAOHAJAS2,11:01:56,FALSE
1TOOG7HX166TBI2NF9,10:38:00,0:06:00
1TOOG7HX166TBI2NF9,10:44:00,FALSE
1TOOGNKX1FLB4O6AF9,11:09:00,0:25:00
1TOOGNKX1FLB4O6AF9,11:34:00,FALSE
1TOOGTIX1G74AE5AM1,11:42:58,0:07:31
1TOOGTIX1G74AE5AM1,11:50:29,0:34:07
1TOOGTIX1G74AE5AM1,12:24:36,0:00:25
1TOOGTIX1G74AE5AM1,12:25:01,FALSE
1TOOH2OX1BGJQPQAFA,11:50:00,0:25:00
1TOOH2OX1BGJQPQAFA,12:15:00,FALSE
1TOOHPAX1G5TPNJAAH,12:23:58,0:35:02
1TOOHPAX1G5TPNJAAH,12:59:00,FALSE
1TOOJQSX1G7H6A4NFR,11:53:00,FALSE
1TOOL7JX1577KQCAAF,12:17:01,0:02:59
1TOOL7JX1577KQCAAF,12:20:00,FALSE
1TOOLI9X1642N3GAF0,10:53:20,0:38:40
1TOOLI9X1642N3GAF0,11:32:00,FALSE
1TOOMETX164N49OAF2,11:10:55,0:24:05
1TOOMETX164N49OAF2,11:35:00,FALSE
1TOON2MX1G8TGO6AFC,10:40:00,0:20:00
1TOON2MX1G8TGO6AFC,11:00:00,FALSE
1TOONF6X1G801KRAFX,12:05:00,0:24:47
1TOONF6X1G801KRAFX,12:29:47,FALSE
1TOOO91X19AH4V7AF5,11:15:37,0:27:23
1TOOO91X19AH4V7AF5,11:43:00,FALSE
1TOOPHEX1GB9H9SAF9,10:42:01,0:45:59
1TOOPHEX1GB9H9SAF9,11:28:00,FALSE
1TOOUIQX1G82V6QAMB,11:45:00,0:02:02
1TOOUIQX1G82V6QAMB,11:47:02,FALSE
1TOOUJJX1GA2QEKVMG,12:09:00,0:23:30
1TOOUJJX1GA2QEKVMG,12:32:30,FALSE
1TOOUNOX1G5FM0JAAI,12:44:38,23:29:36
1TOOUNOX1G5FM0JAAI,12:14:14,FALSE
1TOOVAAX1DTE4N7AFS,12:09:00,FALSE
1TOOVPCX1EE5UKEAMV,12:49:00,0:03:00
1TOOVPCX1EE5UKEAMV,12:52:00,FALSE
1TOP02JX1G7K6V2AFG,10:53:15,0:38:45
1TOP02JX1G7K6V2AFG,11:32:00,FALSE
1TOP224X1G901E4AFH,11:14:00,0:56:00
1TOP224X1G901E4AFH,12:10:00,FALSE
1TOP2L4X19BLSCRAFF,11:35:57,23:33:03
1TOP2L4X19BLSCRAFF,11:09:00,FALSE
1TOP3OMX1G5FCEIAFC,12:14:05,22:53:55
1TOP3OMX1G5FCEIAFC,11:08:00,FALSE
1TOP4CVX1648BNAAFM,10:40:00,0:37:00
1TOP4CVX1648BNAAFM,11:17:00,FALSE
1TOP4QMX1FLF93LAA2,11:24:00,0:05:00
1TOP4QMX1FLF93LAA2,11:29:00,FALSE
1TOP6JUX15OM4UUAA7,11:36:36,23:53:24
1TOP6JUX15OM4UUAA7,11:30:00,0:32:00
1TOP6JUX15OM4UUAA7,12:02:00,0:27:22
1TOP6JUX15OM4UUAA7,12:29:22,FALSE
1TOP8KBX1FADDTQAFQ,12:06:11,0:40:49
1TOP8KBX1FADDTQAFQ,12:47:00,FALSE
1TOP90EX1G5CA3BAM2,11:57:36,0:27:33
1TOP90EX1G5CA3BAM2,12:25:09,FALSE
1TOP9NKX1GA0539AAN,11:44:00,0:08:00
1TOP9NKX1GA0539AAN,11:52:00,FALSE
1TOPAIGX1G2QM3ENFP,10:40:00,0:36:00
1TOPAIGX1G2QM3ENFP,11:16:00,FALSE
1TOPAK0X1G70Q2DAFV,11:13:00,FALSE
1TOPCO7X1E0PQKIAF7,11:47:00,0:39:13
1TOPCO7X1E0PQKIAF7,12:26:13,FALSE
1TOPF45X15QFUHPAF7,11:39:00,0:05:00
1TOPF45X15QFUHPAF7,11:44:00,FALSE
1TOPHLGX1G7V5SUAFU,10:45:00,0:21:43
1TOPHLGX1G7V5SUAFU,11:06:43,FALSE
1TOPKMCX1FS9TRVAFU,10:46:00,FALSE
1TOPLD3X1G30CA1AME,12:45:16,23:18:44
1TOPLD3X1G30CA1AME,12:04:00,FALSE
1TOPM1UX1GD13ENAAD,11:04:00,0:20:00
1TOPM1UX1GD13ENAAD,11:24:00,FALSE
1TOPMLAX1GC9RC5AF7,10:42:00,0:58:00
1TOPMLAX1GC9RC5AF7,11:40:00,FALSE
1TOPMRAX1G9A370AAN,12:03:26,23:54:34
1TOPMRAX1G9A370AAN,11:58:00,FALSE
1TOPOK1X1G9EICMAFL,10:42:00,0:32:58
1TOPOK1X1G9EICMAFL,11:14:58,0:52:35
1TOPOK1X1G9EICMAFL,12:07:33,0:09:27
1TOPOK1X1G9EICMAFL,12:17:00,FALSE
1TOPP0CX1GBNPGMAA5,11:35:22,23:10:38
1TOPP0CX1GBNPGMAA5,10:46:00,0:04:15
1TOPP0CX1GBNPGMAA5,10:50:15,0:51:45
1TOPP0CX1GBNPGMAA5,11:42:00,FALSE
1TOPQ86X1FV31SOAA2,10:48:30,0:09:30
1TOPQ86X1FV31SOAA2,10:58:00,FALSE
1TOPRH0X1GB0EH2AF2,12:40:42,23:48:28
1TOPRH0X1GB0EH2AF2,12:29:10,FALSE
1TOPRQ6X1G3M9SNAFK,10:48:00,0:44:00
1TOPRQ6X1G3M9SNAFK,11:32:00,FALSE
1TOPS29X1GCDJKJAAP,12:41:57,23:32:58
1TOPS29X1GCDJKJAAP,12:14:55,FALSE
1TOPSKJX1G3UQRDAF1,10:38:00,1:04:00
1TOPSKJX1G3UQRDAF1,11:42:00,FALSE
1TOPUSAX1GB4824ASD,10:40:00,0:09:00
1TOPUSAX1GB4824ASD,10:49:00,FALSE
1TOPVL2X1G8PA2MAFQ,10:37:00,0:46:00
1TOPVL2X1G8PA2MAFQ,11:23:00,FALSE
1TOQ088X1FJG293AME,11:13:00,0:51:00
1TOQ088X1FJG293AME,12:04:00,FALSE
1TOQ0C1X1FT4HA1AA1,11:41:00,0:09:27
1TOQ0C1X1FT4HA1AA1,11:50:27,FALSE
1TOQ1UCX1GC4NO8ASO,10:43:11,0:21:49
1TOQ1UCX1GC4NO8ASO,11:05:00,FALSE
1TOQ2O9X15QT815ASY,11:40:00,0:34:00
1TOQ2O9X15QT815ASY,12:14:00,FALSE
1TOQ2QQX1CR71D3AAX,11:26:00,0:08:00
1TOQ2QQX1CR71D3AAX,11:34:00,FALSE
1TOQ64PX15PTTQRAAF,11:26:00,0:30:21
1TOQ64PX15PTTQRAAF,11:56:21,FALSE
1TOQ6ESX151TKR6AF8,11:46:00,0:30:14
1TOQ6ESX151TKR6AF8,12:16:14,FALSE
1TOQ6J3X1G95FLIAA4,12:31:56,0:05:04
1TOQ6J3X1G95FLIAA4,12:37:00,FALSE
1TOQ6MNX1GA1V4JAMC,11:21:57,0:04:13
1TOQ6MNX1GA1V4JAMC,11:26:10,FALSE
1TOQ7QIX1G44PRGASX,12:01:00,FALSE
1TOQ8RPX1E3J2OJAM4,11:55:28,0:39:29
1TOQ8RPX1E3J2OJAM4,12:34:57,FALSE
1TOQB6LX1FSPKCUAAM,11:27:00,0:30:00
1TOQB6LX1FSPKCUAAM,11:57:00,FALSE
1TOQCJVX15A4661AFD,10:39:00,0:12:00
1TOQCJVX15A4661AFD,10:51:00,FALSE
1TOQCKTX1G5GMH6VAT,12:22:28,0:03:31
1TOQCKTX1G5GMH6VAT,12:25:59,FALSE
1TOQCPJX1GARDMLASR,10:45:00,1:18:00
1TOQCPJX1GARDMLASR,12:03:00,FALSE
1TOQDTBX1G9EJ72AA2,11:45:00,0:09:34
1TOQDTBX1G9EJ72AA2,11:54:34,FALSE
1TOQE0IX1G2GLT0AAU,12:21:20,0:29:40
1TOQE0IX1G2GLT0AAU,12:51:00,FALSE
1TOQE74X1GABDB3ASB,12:01:00,FALSE
1TOQEF4X1BTNKOHNF0,10:47:00,0:13:00
1TOQEF4X1BTNKOHNF0,11:00:00,FALSE
1TOQGCUX1GCPJESAFP,11:02:00,0:42:00
1TOQGCUX1GCPJESAFP,11:44:00,FALSE
1TOQGOAX18KQLREAF9,10:56:34,1:07:38
1TOQGOAX18KQLREAF9,12:04:12,FALSE
1TOQHTQX1G4QQGAAF7,10:51:00,0:35:00
1TOQHTQX1G4QQGAAF7,11:26:00,FALSE
1TOQJJ6X1G3MUIOAFB,12:02:26,23:30:28
1TOQJJ6X1G3MUIOAFB,11:32:54,FALSE
1TOQKPGX1G7M14FAFD,11:14:46,0:12:22
1TOQKPGX1G7M14FAFD,11:27:08,FALSE
1TOQMQDX1G31KC5AMI,11:56:00,0:06:00
1TOQMQDX1G31KC5AMI,12:02:00,FALSE
1TOQO5SX1GEAFCCAFP,11:07:56,0:09:44
1TOQO5SX1GEAFCCAFP,11:17:40,FALSE
1TOQODBX15T09LGAAG,12:05:00,0:08:00
1TOQODBX15T09LGAAG,12:13:00,FALSE
1TOQPEGX1G1DL43AFJ,11:42:00,0:27:00
1TOQPEGX1G1DL43AFJ,12:09:00,FALSE
1TOQPJVX1G5QSAOAF5,10:41:00,0:59:00
1TOQPJVX1G5QSAOAF5,11:40:00,FALSE
1TOQQOCX1G83VC9NFW,10:43:00,0:12:00
1TOQQOCX1G83VC9NFW,10:55:00,FALSE
1TOQRDRX1GCJ1Q6AFN,10:44:23,0:40:37
1TOQRDRX1GCJ1Q6AFN,11:25:00,FALSE
1TOQS3EX1G94NBJAFB,11:43:00,0:26:00
1TOQS3EX1G94NBJAFB,12:09:00,FALSE
1TOQSDHX19PIIHRAAG,11:32:37,0:06:23
1TOQSDHX19PIIHRAAG,11:39:00,FALSE
1TOQSFKX15F6S73AA1,12:10:42,23:32:18
1TOQSFKX15F6S73AA1,11:43:00,FALSE
1TOQSJ3X1G7V912AAN,11:31:00,0:08:00
1TOQSJ3X1G7V912AAN,11:39:00,FALSE
1TOQUMFX1G97QBHAMW,11:14:30,0:36:21
1TOQUMFX1G97QBHAMW,11:50:51,FALSE
1TOQURSX1G8T94QAMG,11:17:00,1:00:23
1TOQURSX1G8T94QAMG,12:17:23,FALSE
1TOR09CX1G62I5CAA9,12:13:51,0:27:09
1TOR09CX1G62I5CAA9,12:41:00,FALSE
1TOR0K3X15C50CHAFB,10:52:00,0:52:00
1TOR0K3X15C50CHAFB,11:44:00,FALSE
1TOR0OHX1GCQFU5AFZ,12:06:00,FALSE
1TOR26PX15BVQC6AF0,12:21:43,0:02:12
1TOR26PX15BVQC6AF0,12:23:55,FALSE
1TOR2C3X1GD7RGJAFA,11:10:09,0:30:51
1TOR2C3X1GD7RGJAFA,11:41:00,FALSE
1TOR5VFX1GAOC72AAG,11:30:00,0:58:44
1TOR5VFX1GAOC72AAG,12:28:44,FALSE
1TOR6OBX1GA6C98AF3,11:44:00,FALSE
1TOR8FSX166LI0NAAG,11:36:01,0:02:59
1TOR8FSX166LI0NAAG,11:39:00,FALSE
1TORA2FX1GA3V1FAFA,11:07:57,0:11:16
1TORA2FX1GA3V1FAFA,11:19:13,FALSE
1TORA2QX1GBHF24AFL,10:41:00,0:22:00
1TORA2QX1GBHF24AFL,11:03:00,FALSE
1TORAOEX1GA39KNAFP,11:10:13,0:05:52
1TORAOEX1GA39KNAFP,11:16:05,FALSE
1TORBRMX1G2L0L2NFP,11:23:28,0:08:32
1TORBRMX1G2L0L2NFP,11:32:00,FALSE
1TORD4OX1GB3GRLNFD,10:49:00,0:59:00
1TORD4OX1GB3GRLNFD,11:48:00,FALSE
1TORD5NX1G7QT18AAY,11:58:00,0:27:38
1TORD5NX1G7QT18AAY,12:25:38,FALSE
1TORDB4X1GABC6TAFW,10:38:59,0:27:01
1TORDB4X1GABC6TAFW,11:06:00,FALSE
1TORDUJX1G2ND48VF5,10:40:00,0:37:00
1TORDUJX1G2ND48VF5,11:17:00,FALSE
1TORE9GX1G6AFOEAFA,11:13:00,0:44:00
1TORE9GX1G6AFOEAFA,11:57:00,FALSE
1TOREDBX16N915MAA4,12:38:59,22:25:01
1TOREDBX16N915MAA4,11:04:00,FALSE
1TORELJX1FDR739AAR,11:25:30,0:04:30
1TORELJX1FDR739AAR,11:30:00,FALSE
1TORFMSX1FPCLTSAML,12:01:00,0:39:00
1TORFMSX1FPCLTSAML,12:40:00,FALSE
1TORFR6X0VE0HO8AFE,10:30:00,0:07:00
1TORFR6X0VE0HO8AFE,10:37:00,FALSE
1TORG5UX1G2GJRSAML,12:16:23,23:36:37
1TORG5UX1G2GJRSAML,11:53:00,FALSE
1TORHJGX1G436U4AFC,10:36:47,0:31:00
1TORHJGX1G436U4AFC,11:07:47,FALSE
1TORHQ3X1FV76CTAMX,11:11:00,0:51:00
1TORHQ3X1FV76CTAMX,12:02:00,FALSE
1TORJ3FX1G877IIAM5,12:08:37,0:23:24
1TORJ3FX1G877IIAM5,12:32:01,FALSE
1TORKC1X166EAIFAF6,11:09:25,0:31:35
1TORKC1X166EAIFAF6,11:41:00,FALSE
1TORMT6X1CP3M7RAFZ,10:49:00,0:59:00
1TORMT6X1CP3M7RAFZ,11:48:00,FALSE
1TORNK8X1G2O7T7AAD,12:23:06,0:04:10
1TORNK8X1G2O7T7AAD,12:27:16,FALSE
1TORO7EX1G5M1D8NA1,11:11:27,0:06:33
1TORO7EX1G5M1D8NA1,11:18:00,FALSE
1TOROEOX1GC8540AA3,12:42:22,23:32:34
1TOROEOX1GC8540AA3,12:14:56,FALSE
1TORQAGX1G8A136NAB,11:25:10,0:05:50
1TORQAGX1G8A136NAB,11:31:00,FALSE
1TORQEIX1G2CUS3AFF,12:18:33,23:36:27
1TORQEIX1G2CUS3AFF,11:55:00,FALSE
1TORQFMX15IVMIOAFT,10:36:00,0:13:00
1TORQFMX15IVMIOAFT,10:49:00,FALSE
1TORRAEX1G8HN19VFC,10:43:40,0:13:20
1TORRAEX1G8HN19VFC,10:57:00,FALSE
1TORRQSX1G5M380ASE,10:46:00,0:56:00
1TORRQSX1G5M380ASE,11:42:00,FALSE
1TORS9VX1EQV83GAAP,11:24:00,0:08:00
1TORS9VX1EQV83GAAP,11:32:00,FALSE
1TORTI2X16M52UHVAQ,11:16:00,0:42:00
1TORTI2X16M52UHVAQ,11:58:00,FALSE
1TORTISX1G7R1K4AFK,10:40:00,0:43:00
1TORTISX1G7R1K4AFK,11:23:00,FALSE
1TORUE5X1G7QI4IAM6,12:45:19,23:24:41
1TORUE5X1G7QI4IAM6,12:10:00,FALSE
1TORVC1X108QR35AAO,11:37:00,0:06:00
1TORVC1X108QR35AAO,11:43:00,FALSE
1TORVNLX1BEKM4FNA6,11:23:00,0:34:00
1TORVNLX1BEKM4FNA6,11:57:00,FALSE
1TOS0FOX1GAD04CASP,10:53:08,0:08:37
1TOS0FOX1GAD04CASP,11:01:45,FALSE
1TOS0G1X1EBG3ROAF8,12:14:20,0:01:40
1TOS0G1X1EBG3ROAF8,12:16:00,FALSE
1TOS0M1X1FTNAF5AFN,10:58:00,0:38:00
1TOS0M1X1FTNAF5AFN,11:36:00,FALSE
1TOS2GUX1GBBRVOAMY,11:55:00,0:33:59
1TOS2GUX1GBBRVOAMY,12:28:59,FALSE
1TOS3RPX14RIACCNFZ,12:07:51,23:15:40
1TOS3RPX14RIACCNFZ,11:23:31,FALSE
1TOS47VX15GJAOFAAN,12:42:18,23:32:36
1TOS47VX15GJAOFAAN,12:14:54,FALSE
1TOS5DKX1939FCHANE,11:40:00,0:46:00
1TOS5DKX1939FCHANE,12:26:00,FALSE
1TOS6JAX15T18FMNA9,11:36:09,0:10:51
1TOS6JAX15T18FMNA9,11:47:00,FALSE
1TOS94VX1FT0LV6AA4,11:35:33,0:29:27
1TOS94VX1FT0LV6AA4,12:05:00,FALSE
1TOS9K7X1FVQDJ6AAJ,11:55:00,0:38:22
1TOS9K7X1FVQDJ6AAJ,12:33:22,FALSE
1TOS9SDX1FT1G11AF3,10:52:48,0:50:12
1TOS9SDX1FT1G11AF3,11:43:00,FALSE
1TOSC8EX1FTE22MAA6,12:22:23,0:05:10
1TOSC8EX1FTE22MAA6,12:27:33,FALSE
1TOSD0PX1DOG83RAFZ,10:50:00,0:36:16
1TOSD0PX1DOG83RAFZ,11:26:16,FALSE
1TOSEA6X1GBS70IAAF,11:49:00,0:09:00
1TOSEA6X1GBS70IAAF,11:58:00,FALSE
1TOSGCPX1DUK765AFU,11:53:00,0:27:00
1TOSGCPX1DUK765AFU,12:20:00,FALSE
1TOSHFPX15T9CJSAFR,10:37:00,0:46:00
1TOSHFPX15T9CJSAFR,11:23:00,FALSE
1TOSI0CX1GBE773AF3,10:37:00,0:46:00
1TOSI0CX1GBE773AF3,11:23:00,FALSE
1TOSIR9X1G9K7S4ASZ,11:15:00,0:06:29
1TOSIR9X1G9K7S4ASZ,11:21:29,FALSE
1TOSJCNX1G0UNNEAFX,10:47:00,0:50:00
1TOSJCNX1G0UNNEAFX,11:37:00,FALSE
1TOSK1DX1GAPHAQASM,11:05:00,0:09:37
1TOSK1DX1GAPHAQASM,11:14:37,FALSE
1TOSLNAX1G85E48NAE,11:36:23,0:05:37
1TOSLNAX1G85E48NAE,11:42:00,FALSE
1TOSMMCX1G96GIOAAQ,12:22:20,0:03:23
1TOSMMCX1G96GIOAAQ,12:25:43,FALSE
1TOSN44X1G95I7NAAW,11:49:00,0:08:00
1TOSN44X1G95I7NAAW,11:57:00,FALSE
1TOSOIHX19G9S0GAFW,10:38:00,0:49:00
1TOSOIHX19G9S0GAFW,11:27:00,FALSE
1TOSOKUX137UO1VAAT,11:35:04,0:59:36
1TOSOKUX137UO1VAAT,12:34:40,FALSE
1TOSQCQX1FV8L3OAAO,12:33:23,23:21:37
1TOSQCQX1FV8L3OAAO,11:55:00,FALSE
1TOST5MX1G8OAN3AML,11:20:00,0:43:00
1TOST5MX1G8OAN3AML,12:03:00,FALSE
1TOSTECX163N6GNNFC,11:42:00,FALSE
1TOSUR4X15TF5KKNAH,12:22:27,0:07:29
1TOSUR4X15TF5KKNAH,12:29:56,FALSE
1TOSUULX1G37EO8AFL,10:52:00,0:40:00
1TOSUULX1G37EO8AFL,11:32:00,FALSE
1TOT04SX1G0VKPGAFR,11:02:42,0:40:18
1TOT04SX1G0VKPGAFR,11:43:00,FALSE
1TOT0FHX1FTM3RJAMS,12:03:50,0:09:43
1TOT0FHX1FTM3RJAMS,12:13:33,FALSE
1TOT0UEX1ES13LIAFB,11:43:00,0:29:42
1TOT0UEX1ES13LIAFB,12:12:42,FALSE
1TOT29DX1FJU483AFP,10:39:00,0:03:07
1TOT29DX1FJU483AFP,10:42:07,FALSE
1TOT3VGX155HD5OAFQ,12:05:00,FALSE
1TOT4ATX1G5LVMCAF9,11:18:00,0:22:00
1TOT4ATX1G5LVMCAF9,11:40:00,FALSE
1TOT4E8X162OGJTAA1,12:42:05,23:31:49
1TOT4E8X162OGJTAA1,12:13:54,FALSE
1TOT5EVX15PHVFQAMZ,11:55:00,0:26:00
1TOT5EVX15PHVFQAMZ,12:21:00,FALSE
1TOT8DGX1FSKCU7AN2,12:12:08,23:24:52
1TOT8DGX1FSKCU7AN2,11:37:00,FALSE
1TOT96LX15RSHGGAF5,10:41:00,0:49:00
1TOT96LX15RSHGGAF5,11:30:00,FALSE
1TOTB4PX166FG04AF1,10:40:42,0:49:18
1TOTB4PX166FG04AF1,11:30:00,FALSE
1TOTBEPX1G9N6SDAFC,11:04:48,0:06:35
1TOTBEPX1G9N6SDAFC,11:11:23,FALSE
1TOTBRGX0U2BJEKAFT,10:52:00,0:40:00
1TOTBRGX0U2BJEKAFT,11:32:00,FALSE
1TOTF8NX10OG0A8AA1,12:35:48,0:02:12
1TOTF8NX10OG0A8AA1,12:38:00,FALSE
1TOTFORX1FIALSKNF3,10:50:38,0:05:22
1TOTFORX1FIALSKNF3,10:56:00,FALSE
1TOTGOGX1G5OC1KAF4,12:19:00,0:12:00
1TOTGOGX1G5OC1KAF4,12:31:00,FALSE
1TOTGVGX18MPBQQAFY,11:10:00,0:41:00
1TOTGVGX18MPBQQAFY,11:51:00,FALSE
1TOTH98X1663M3JAFN,10:41:53,1:03:07
1TOTH98X1663M3JAFN,11:45:00,FALSE
1TOTHI6X15V0HH7AFO,10:38:00,0:43:00
1TOTHI6X15V0HH7AFO,11:21:00,FALSE
1TOTIGQX1G7Q6VQAFN,10:39:00,0:46:00
1TOTIGQX1G7Q6VQAFN,11:25:00,FALSE
1TOTJK6X1G71TKSAFP,10:51:00,0:35:00
1TOTJK6X1G71TKSAFP,11:26:00,FALSE
1TOTJPMX1G7D60QAFQ,11:09:00,0:31:00
1TOTJPMX1G7D60QAFQ,11:40:00,FALSE
1TOTK1GX1G1V1EUNFP,11:52:00,FALSE
1TOTLKUX10L0SSMAFN,11:14:00,0:07:00
1TOTLKUX10L0SSMAFN,11:21:00,FALSE
1TOTM1EX1GAOFNGAAM,12:04:00,0:36:29
1TOTM1EX1GAOFNGAAM,12:40:29,FALSE
1TOTM7QX1FVFOSLAF8,11:52:00,FALSE
1TOTMMMX1G85ARGAFP,12:06:00,FALSE
1TOTMOOX1DOISTCNFL,11:51:28,0:23:32
1TOTMOOX1DOISTCNFL,12:15:00,FALSE
1TOTP0QX15FHTVKAFN,11:46:00,0:42:11
1TOTP0QX15FHTVKAFN,12:28:11,FALSE
1TOTQLDX1G9DHI7AF6,11:42:00,1:03:00
1TOTQLDX1G9DHI7AF6,12:45:00,FALSE
1TOTS3UX1G91E57AF0,11:45:00,FALSE
1TOTS4DX15JP54FNF2,10:43:00,0:51:00
1TOTS4DX15JP54FNF2,11:34:00,FALSE
1TOTSFTX1G3CD8ANFV,10:42:00,1:01:00
1TOTSFTX1G3CD8ANFV,11:43:00,FALSE
1TOTT02X1FVPFCIAFM,11:33:00,0:34:00
1TOTT02X1FVPFCIAFM,12:07:00,FALSE
1TOTT3QX19OJQBIAAC,11:24:00,0:07:00
1TOTT3QX19OJQBIAAC,11:31:00,FALSE
1TOTTIOX1G7MD4FAMH,12:39:22,0:01:38
1TOTTIOX1G7MD4FAMH,12:41:00,FALSE
1TOTUF0X1GBP0ODAF9,10:52:00,0:40:00
1TOTUF0X1GBP0ODAF9,11:32:00,FALSE
1TOTUU2X1GCCSM9AF2,10:40:00,0:50:00
1TOTUU2X1GCCSM9AF2,11:30:00,FALSE
1TOU0J1X1G1BAL4AFW,10:38:00,FALSE
1TOU2GPX1G8ERITAFL,10:52:00,0:51:00
1TOU2GPX1G8ERITAFL,11:43:00,FALSE
1TOU2ISX1G7NLICVFN,10:52:00,0:40:00
1TOU2ISX1G7NLICVFN,11:32:00,FALSE
1TOU4PFX1GASLGCAFJ,10:40:36,0:34:52
1TOU4PFX1GASLGCAFJ,11:15:28,FALSE
1TOU54IX1G1IAK3AM0,12:45:22,23:24:38
1TOU54IX1G1IAK3AM0,12:10:00,FALSE
1TOU5HKX161A8PCAFR,11:49:00,0:20:00
1TOU5HKX161A8PCAFR,12:09:00,FALSE
1TOU96GX1FTUFN5AN2,11:40:00,0:46:00
1TOU96GX1FTUFN5AN2,12:26:00,FALSE
1TOUBJTX1G85E79AAX,12:22:56,0:04:22
1TOUBJTX1G85E79AAX,12:27:18,FALSE
1TOUCILX1CPD238ANI,11:34:31,0:09:29
1TOUCILX1CPD238ANI,11:44:00,FALSE
1TOUCIOX1FS6S9NAF4,11:38:16,0:56:08
1TOUCIOX1FS6S9NAF4,12:34:24,FALSE
1TOUE3LX165B40UAS6,10:42:00,0:59:00
1TOUE3LX165B40UAS6,11:41:00,FALSE
1TOUG8HX15582UUAFA,11:26:00,0:41:00
1TOUG8HX15582UUAFA,12:07:00,FALSE
1TOUGNCX1G8RS78AF8,11:55:00,0:23:26
1TOUGNCX1G8RS78AF8,12:18:26,FALSE
1TOUIS7X1DCO9F0AF0,10:42:00,0:46:00
1TOUIS7X1DCO9F0AF0,11:28:00,FALSE
1TOUIVFX161J49OASJ,11:56:00,0:27:00
1TOUIVFX161J49OASJ,12:23:00,FALSE
1TOUJ9KX1FQKI0IAAA,11:16:00,0:12:00
1TOUJ9KX1FQKI0IAAA,11:28:00,FALSE
1TOUK0NX1G8B4FFASF,11:13:19,0:08:08
1TOUK0NX1G8B4FFASF,11:21:27,FALSE
1TOUK4GX1G4NFK3NFW,10:44:33,0:47:51
1TOUK4GX1G4NFK3NFW,11:32:24,FALSE
1TOULORX19LR1N4AF5,11:39:34,0:53:26
1TOULORX19LR1N4AF5,12:33:00,FALSE
1TOUMD5X1GCN4JKAAP,11:59:24,0:25:42
1TOUMD5X1GCN4JKAAP,12:25:06,FALSE
1TOUMJ9X1G9SL3HAF9,10:45:21,0:16:39
1TOUMJ9X1G9SL3HAF9,11:02:00,FALSE
1TOUMLRX1FQ3LB3AF8,11:46:00,0:30:11
1TOUMLRX1FQ3LB3AF8,12:16:11,FALSE
1TOUNI2X10C8IDBAAB,12:05:00,0:08:00
1TOUNI2X10C8IDBAAB,12:13:00,FALSE
1TOUNI8X1GAPEGUAFQ,10:40:00,0:13:00
1TOUNI8X1GAPEGUAFQ,10:53:00,FALSE
1TOUQ5LX1GAG6G8AFV,11:14:00,FALSE
1TOUQ9PX1GAUC7SAFF,12:04:00,0:34:00
1TOUQ9PX1GAUC7SAFF,12:38:00,FALSE
1TOUQRFX1G9V4QEASZ,10:46:00,0:11:00
1TOUQRFX1G9V4QEASZ,10:57:00,FALSE
1TOURJNX1FUUVGEAF0,11:09:00,0:26:00
1TOURJNX1FUUVGEAF0,11:35:00,FALSE
1TOUSMDX1G8PM1IASU,10:52:00,0:35:57
1TOUSMDX1G8PM1IASU,11:27:57,FALSE
1TOUV6KX1FQ6B2BAFT,11:47:42,0:28:27
1TOUV6KX1FQ6B2BAFT,12:16:09,FALSE
1TOUVEDX16BJMN8AFC,10:55:00,0:02:02
1TOUVEDX16BJMN8AFC,10:57:02,FALSE
1TOV1NOX16236MHAAX,11:30:00,0:58:48
1TOV1NOX16236MHAAX,12:28:48,FALSE
1TOV3RFX1GA3Q2QAA5,11:49:00,0:06:00
1TOV3RFX1GA3Q2QAA5,11:55:00,FALSE
1TOV4CLX1G5708CAAC,12:24:01,FALSE
1TOV5PQX1GCER40AF4,10:43:00,0:42:00
1TOV5PQX1GCER40AF4,11:25:00,FALSE
1TOV5SCX1GAJQC3ASD,11:13:24,0:06:36
1TOV5SCX1GAJQC3ASD,11:20:00,FALSE
1TOV8T7X1G5AUETNF7,10:44:31,0:47:45
1TOV8T7X1G5AUETNF7,11:32:16,FALSE
1TOVBJ3X1GB5GI7AF4,10:38:00,0:06:00
1TOVBJ3X1GB5GI7AF4,10:44:00,FALSE
1TOVDN2X1G8F1ORAFL,11:16:00,0:54:00
1TOVDN2X1G8F1ORAFL,12:10:00,FALSE
1TOVFBKX1G85OC9AF9,10:40:00,0:27:00
1TOVFBKX1G85OC9AF9,11:07:00,FALSE
1TOVG89X1GAV2C2AFJ,10:42:00,1:01:00
1TOVG89X1GAV2C2AFJ,11:43:00,FALSE
1TOVI8LX1FIOKOSAMX,12:48:00,0:01:00
1TOVI8LX1FIOKOSAMX,12:49:00,FALSE
1TOVJCMX1G7KQIKAMX,11:04:00,0:24:00
1TOVJCMX1G7KQIKAMX,11:28:00,FALSE
1TOVMAUX1G2QLI7NFF,11:38:00,0:17:00
1TOVMAUX1G2QLI7NFF,11:55:00,FALSE
1TOVMBLX1FBEISVAFF,10:38:00,0:28:00
1TOVMBLX1FBEISVAFF,11:06:00,FALSE
1TOVMQGX153J16VAA0,11:04:00,1:27:08
1TOVMQGX153J16VAA0,12:31:08,0:00:24
1TOVMQGX153J16VAA0,12:31:32,0:00:31
1TOVMQGX153J16VAA0,12:32:03,FALSE
1TOVN03X1GD53ROAF8,10:41:00,0:59:00
1TOVN03X1GD53ROAF8,11:40:00,FALSE
1TOVNJLX1G4UUHQAFF,12:45:25,23:19:57
1TOVNJLX1G4UUHQAFF,12:05:22,FALSE
1TOVQCBX1GCTJ4JAST,10:36:43,0:27:17
1TOVQCBX1GCTJ4JAST,11:04:00,FALSE
1TOVSIHX16CU9H4AFA,10:36:00,0:13:00
1TOVSIHX16CU9H4AFA,10:49:00,FALSE
1TOVTI8X1GAIRLTAA3,11:27:00,0:04:00
1TOVTI8X1GAIRLTAA3,11:31:00,FALSE
1TOVUOKX1FU17IPAAC,12:17:00,0:06:00
1TOVUOKX1FU17IPAAC,12:23:00,FALSE
1TOVVJRX15VFIPENFE,10:42:00,0:14:00
1TOVVJRX15VFIPENFE,10:56:00,FALSE
1TP02KSX14VKF13AFC,10:39:00,0:52:00
1TP02KSX14VKF13AFC,11:31:00,FALSE
1TP04M8X1G9RB2OAFL,11:13:30,0:06:30
1TP04M8X1G9RB2OAFL,11:20:00,FALSE
1TP04P7X1DHSH8UAAF,11:12:00,0:05:00
1TP04P7X1DHSH8UAAF,11:17:00,FALSE
1TP0591X1G8AOLOAM1,11:57:04,0:36:22
1TP0591X1G8AOLOAM1,12:33:26,FALSE
1TP05NDX1G9UVH2ASB,11:10:00,0:31:03
1TP05NDX1G9UVH2ASB,11:41:03,FALSE
1TP068CX1FQ9R0KAAT,11:10:00,0:28:00
1TP068CX1FQ9R0KAAT,11:38:00,FALSE
1TP07M0X1GA0CLHAF1,10:39:00,0:51:00
1TP07M0X1GA0CLHAF1,11:30:00,FALSE
1TP0970X1G4OC68AFS,11:13:00,0:45:04
1TP0970X1G4OC68AFS,11:58:04,FALSE
1TP0ATPX14RQG6EAFI,11:12:05,0:33:55
1TP0ATPX14RQG6EAFI,11:46:00,FALSE
1TP0CR2X15OT3MQAF2,12:34:09,23:32:51
1TP0CR2X15OT3MQAF2,12:07:00,FALSE
1TP0E3PX1GBP0DJAAJ,11:34:00,0:10:00
1TP0E3PX1GBP0DJAAJ,11:44:00,0:04:00
1TP0E3PX1GBP0DJAAJ,11:48:00,0:06:00
1TP0E3PX1GBP0DJAAJ,11:54:00,FALSE
1TP0EPFX1FVKJ55AFD,12:01:46,23:30:14
1TP0EPFX1FVKJ55AFD,11:32:00,FALSE
1TP0EPIX19SBMR1AFC,12:01:00,0:39:00
1TP0EPIX19SBMR1AFC,12:40:00,FALSE
1TP0F1QX1G3MV4TNF9,10:53:12,0:38:48
1TP0F1QX1G3MV4TNF9,11:32:00,FALSE
1TP0H1LX1G15890AFI,11:26:00,0:40:00
1TP0H1LX1G15890AFI,12:06:00,FALSE
1TP0HVAX1G5LVT9AF7,10:40:00,0:51:00
1TP0HVAX1G5LVT9AF7,11:31:00,FALSE
1TP0HVGX1650LF6AMW,12:37:14,23:35:43
1TP0HVGX1650LF6AMW,12:12:57,FALSE
1TP0IMHX15LFG8NAFU,10:40:00,1:03:00
1TP0IMHX15LFG8NAFU,11:43:00,FALSE
1TP0IN8X1FUIKF8AFC,12:00:00,0:41:00
1TP0IN8X1FUIKF8AFC,12:41:00,FALSE
1TP0L2SX1FSNSVSAFY,11:47:00,0:39:11
1TP0L2SX1FSNSVSAFY,12:26:11,FALSE
1TP0L32X1GC4NFPAFT,11:09:00,0:32:00
1TP0L32X1GC4NFPAFT,11:41:00,FALSE
1TP0L6EX15HKMJ7AAI,11:11:30,0:05:30
1TP0L6EX15HKMJ7AAI,11:17:00,FALSE
1TP0MKLX1G353S8AMM,11:55:17,0:30:24
1TP0MKLX1G353S8AMM,12:25:41,FALSE
1TP0O9RX15KJKODAFV,10:50:00,1:01:55
1TP0O9RX15KJKODAFV,11:51:55,FALSE
1TP0P3MX1G4TVFLAFB,10:46:04,0:18:56
1TP0P3MX1G4TVFLAFB,11:05:00,FALSE
1TP0QIUX1G04M8DAAQ,11:35:00,0:09:00
1TP0QIUX1G04M8DAAQ,11:44:00,FALSE
1TP0R7OX1GB7DKUAFS,12:09:50,0:37:10
1TP0R7OX1GB7DKUAFS,12:47:00,FALSE
1TP0SQ4X1FJRK6FAFX,11:40:00,0:40:18
1TP0SQ4X1FJRK6FAFX,12:20:18,FALSE
1TP0T7SX1DAMDMQNFV,11:05:00,0:41:00
1TP0T7SX1DAMDMQNFV,11:46:00,FALSE
1TP0TFRX1G0OAEPAF1,11:33:00,1:06:00
1TP0TFRX1G0OAEPAF1,12:39:00,FALSE
1TP0UD8X152MPMPAAH,11:48:00,0:22:00
1TP0UD8X152MPMPAAH,12:10:00,FALSE
1TP0UE5X1G7QQGRAFN,11:11:00,0:16:00
1TP0UE5X1G7QQGRAFN,11:27:00,FALSE
1TP0UO8X1G406JIAFJ,10:56:00,0:09:40
1TP0UO8X1G406JIAFJ,11:05:40,FALSE
1TP0UTRX1G0FUO5AAP,11:42:39,0:06:21
1TP0UTRX1G0FUO5AAP,11:49:00,FALSE
1TP0VQ3X1G9U1SEAFZ,11:08:00,0:11:00
1TP0VQ3X1G9U1SEAFZ,11:19:00,FALSE
1TP1056X1GB5ROIAFV,10:40:32,0:49:28
1TP1056X1GB5ROIAFV,11:30:00,FALSE
1TP12C8X1DVCK6KAND,12:15:23,FALSE
1TP151IX1FP9S8FAFH,11:33:00,0:54:08
1TP151IX1FP9S8FAFH,12:27:08,FALSE
1TP15TQX14VKEG4AM6,12:18:06,0:09:46
1TP15TQX14VKEG4AM6,12:27:52,FALSE
1TP16MPX1GCLBBSAFN,11:09:00,0:31:00
1TP16MPX1GCLBBSAFN,11:40:00,FALSE
1TP1778X1FKCJL2AFR,11:41:36,0:36:24
1TP1778X1FKCJL2AFR,12:18:00,FALSE
1TP17EIX1FPBDSEAFQ,10:41:25,1:35:35
1TP17EIX1FPBDSEAFQ,12:17:00,FALSE
1TP1AAIX1FN74BJAAV,11:42:38,0:07:13
1TP1AAIX1FN74BJAAV,11:49:51,FALSE
1TP1AG5X1DI9V4GAAU,12:17:06,0:05:54
1TP1AG5X1DI9V4GAAU,12:23:00,FALSE
1TP1AVAX1ESND0AAFK,11:34:00,1:07:00
1TP1AVAX1ESND0AAFK,12:41:00,FALSE
1TP1E1JX1G1TVTGAFC,12:01:42,23:21:18
1TP1E1JX1G1TVTGAFC,11:23:00,FALSE
1TP1G4SX1G2GGCGAF9,10:43:00,0:46:00
1TP1G4SX1G2GGCGAF9,11:29:00,FALSE
1TP1GDEX18LLRHDAAE,11:35:00,0:08:00
1TP1GDEX18LLRHDAAE,11:43:00,FALSE
1TP1HHMX1G96CL5AF2,11:40:00,1:03:00
1TP1HHMX1G96CL5AF2,12:43:00,FALSE
1TP1LHBX1G5CJKDAF4,10:31:00,0:05:00
1TP1LHBX1G5CJKDAF4,10:36:00,FALSE
1TP1M16X1G447IPAA1,12:45:30,23:28:56
1TP1M16X1G447IPAA1,12:14:26,FALSE
1TP1N6IX1G733GOAFF,12:06:42,23:07:18
1TP1N6IX1G733GOAFF,11:14:00,FALSE
1TP1NQAX14QJAAHAFP,10:50:00,1:01:00
1TP1NQAX14QJAAHAFP,11:51:00,FALSE
1TP1PLNX1GC9OM9AFI,12:01:00,FALSE
1TP1QR2X1G6SMGEAA0,11:42:45,0:08:46
1TP1QR2X1G6SMGEAA0,11:51:31,FALSE
1TP1QVVX15KA0UHAFS,10:40:00,0:22:00
1TP1QVVX15KA0UHAFS,11:02:00,FALSE
1TP1RBEX1G83L59AAV,11:34:00,0:07:00
1TP1RBEX1G83L59AAV,11:41:00,FALSE
1TP1RGUX1G867KAAFP,12:02:42,0:37:18
1TP1RGUX1G867KAAFP,12:40:00,FALSE
1TP1SDIX1GDKAL8AAO,12:14:58,0:26:58
1TP1SDIX1GDKAL8AAO,12:41:56,FALSE
1TP1SN7X1GC6TU1AAI,11:50:34,0:04:26
1TP1SN7X1GC6TU1AAI,11:55:00,FALSE
1TP1TN0X1G3QIE7AMK,11:30:00,0:01:00
1TP1TN0X1G3QIE7AMK,11:31:00,FALSE
1TP1TV4X1FM98NMAFL,11:42:32,0:35:28
1TP1TV4X1FM98NMAFL,12:18:00,FALSE
1TP1UJTX1G4BH2LAMU,11:13:00,0:50:00
1TP1UJTX1G4BH2LAMU,12:03:00,0:04:00
1TP1UJTX1G4BH2LAMU,12:07:00,0:00:00
1TP1UJTX1G4BH2LAMU,12:07:00,FALSE
1TP1VADX1G978MDAFX,11:15:00,0:36:00
1TP1VADX1G978MDAFX,11:51:00,FALSE
1TP1VETX1GBHL49AF7,11:22:00,0:08:21
1TP1VETX1GBHL49AF7,11:30:21,FALSE
1TP1VI8X0VVN5VQAFH,12:15:17,0:23:43
1TP1VI8X0VVN5VQAFH,12:39:00,FALSE
1TP21V9X15JN8FPAAF,11:47:10,0:59:50
1TP21V9X15JN8FPAAF,12:47:00,FALSE
1TP222GX15OKRQ0AAB,11:35:00,0:06:00
1TP222GX15OKRQ0AAB,11:41:00,FALSE
1TP23ELX198LDACNAA,11:25:42,0:05:18
1TP23ELX198LDACNAA,11:31:00,FALSE
1TP245AX1G2U8T7AMP,11:07:00,0:26:00
1TP245AX1G2U8T7AMP,11:33:00,FALSE
1TP24GEX1G8R6LHAM0,11:55:00,0:35:00
1TP24GEX1G8R6LHAM0,12:30:00,FALSE
1TP25ABX1G2D3AOAAH,11:24:00,0:05:00
1TP25ABX1G2D3AOAAH,11:29:00,FALSE
1TP26NVX1GAE7C0AFU,12:07:00,0:33:00
1TP26NVX1GAE7C0AFU,12:40:00,FALSE
1TP298JX1GDOJS9AAD,12:44:23,23:29:43
1TP298JX1GDOJS9AAD,12:14:06,FALSE
1TP29FKX168PK28AFA,11:04:00,0:07:33
1TP29FKX168PK28AFA,11:11:33,FALSE
1TP2AJGX1GAIJCQAFW,12:01:00,0:42:00
1TP2AJGX1GAIJCQAFW,12:43:00,FALSE
1TP2AMMX1G97KQCAFR,11:41:00,0:34:00
1TP2AMMX1G97KQCAFR,12:15:00,FALSE
1TP2CFAX1G2DUTKAA8,11:32:00,0:12:00
1TP2CFAX1G2DUTKAA8,11:44:00,FALSE
1TP2D64X15U0GR4AFE,11:02:00,FALSE
1TP2DI1X1GAST9KAFO,11:14:00,FALSE
1TP2E9TX15CJSTHAFJ,11:07:00,FALSE
1TP2EA4X1G88NHQAM4,11:43:00,0:10:00
1TP2EA4X1G88NHQAM4,11:53:00,FALSE
1TP2F11X1G7QEG5AFV,11:15:00,0:37:00
1TP2F11X1G7QEG5AFV,11:52:00,FALSE
1TP2H1UX1FKTM42AFX,11:23:16,0:09:44
1TP2H1UX1FKTM42AFX,11:33:00,FALSE
1TP2ISOX1G9V29GVA8,12:03:21,23:53:39
1TP2ISOX1G9V29GVA8,11:57:00,FALSE
1TP2J9NX1GBNCGLAFE,12:08:00,0:15:13
1TP2J9NX1GBNCGLAFE,12:23:13,FALSE
1TP2KDTX1GAHP04AAV,12:14:42,23:17:15
1TP2KDTX1GAHP04AAV,11:31:57,0:04:13
1TP2KDTX1GAHP04AAV,11:36:10,0:35:51
1TP2KDTX1GAHP04AAV,12:12:01,FALSE
1TP2KP2X1G7HCC4AAC,11:35:00,0:05:17
1TP2KP2X1G7HCC4AAC,11:40:17,FALSE
1TP2L67X1G9JBRQAMX,11:57:08,0:41:57
1TP2L67X1G9JBRQAMX,12:39:05,FALSE
1TP2M9IX0TUT6S5EFE,11:59:00,0:43:00
1TP2M9IX0TUT6S5EFE,12:42:00,FALSE
1TP2NSHX1G8RTPCAFW,11:06:00,0:27:00
1TP2NSHX1G8RTPCAFW,11:33:00,FALSE
1TP2P19X1G788I6AF3,10:38:00,0:55:00
1TP2P19X1G788I6AF3,11:33:00,FALSE
1TP2Q6EX18V3JP8AMU,12:38:37,23:29:23
1TP2Q6EX18V3JP8AMU,12:08:00,FALSE
1TP2RU4X1G95NMMAM5,12:44:42,FALSE
1TP30KQX160MLP9AMS,11:13:00,0:50:00
1TP30KQX160MLP9AMS,12:03:00,FALSE
1TP30UFX1FSHMR7ASC,10:40:00,0:25:00
1TP30UFX1FSHMR7ASC,11:05:00,FALSE
1TP31BRX1G9KF5GAFR,10:35:19,0:45:06
1TP31BRX1G9KF5GAFR,11:20:25,FALSE
1TP3880X1FKUVPTAF9,12:00:00,0:41:00
1TP3880X1FKUVPTAF9,12:41:00,FALSE
1TP38S5X15PJV4BNFU,11:13:00,0:37:26
1TP38S5X15PJV4BNFU,11:50:26,FALSE
1TP3A1EX1G9DSR3AMJ,12:36:58,0:03:48
1TP3A1EX1G9DSR3AMJ,12:40:46,FALSE
1TP3ANBX1G4JPHQAF5,12:02:32,0:40:28
1TP3ANBX1G4JPHQAF5,12:43:00,FALSE
1TP3BK4X1G5R21PNF2,10:39:00,0:47:02
1TP3BK4X1G5R21PNF2,11:26:02,FALSE
1TP3ENIX1G97K23AAE,12:03:24,0:07:57
1TP3ENIX1G97K23AAE,12:11:21,FALSE
1TP3FVBX1G5IURKASS,10:52:00,1:22:00
1TP3FVBX1G5IURKASS,12:14:00,FALSE
1TP3G0MX1GC27DJNF3,10:49:00,0:59:00
1TP3G0MX1GC27DJNF3,11:48:00,FALSE
1TP3HDFX1FUG77GAAF,11:37:00,0:09:00
1TP3HDFX1FUG77GAAF,11:46:00,FALSE
1TP3HRRX1G3TOIQVAR,11:32:00,FALSE
1TP3IFSX1G6L82FNFX,10:52:00,0:40:00
1TP3IFSX1G6L82FNFX,11:32:00,FALSE
1TP3L86X1GCCTEGAAW,12:12:30,23:37:52
1TP3L86X1GCCTEGAAW,11:50:22,FALSE
1TP3LD0X1G5C8PINF5,10:47:00,0:13:00
1TP3LD0X1G5C8PINF5,11:00:00,FALSE
1TP3N5PX1513R4IAFN,10:38:00,0:53:00
1TP3N5PX1513R4IAFN,11:31:00,FALSE
1TP3N96X18PIBQINF0,11:11:00,0:16:00
1TP3N96X18PIBQINF0,11:27:00,FALSE
1TP3NEOX1GB5I1FAA8,11:24:52,0:03:08
1TP3NEOX1GB5I1FAA8,11:28:00,FALSE
1TP3PGVX1G2FNT5AS2,12:58:00,FALSE
1TP3QMRX1GB952MAM2,12:23:57,0:35:03
1TP3QMRX1GB952MAM2,12:59:00,FALSE
1TP3RPSX1FQQ19TAMG,12:08:00,0:34:00
1TP3RPSX1FQQ19TAMG,12:42:00,FALSE
1TP3SBBX1G95EERAFI,10:41:55,1:03:05
1TP3SBBX1G95EERAFI,11:45:00,FALSE
1TP3SEOX1BTJEKUAM8,12:37:34,23:38:07
1TP3SEOX1BTJEKUAM8,12:15:41,FALSE
1TP3SHNX16I94VHAFJ,12:08:00,0:14:39
1TP3SHNX16I94VHAFJ,12:22:39,FALSE
1TP3UKCX1G6PFJRAAS,12:23:11,0:05:25
1TP3UKCX1G6PFJRAAS,12:28:36,FALSE
1TP3URMX1G4ND7JASI,12:08:00,0:30:33
1TP3URMX1G4ND7JASI,12:38:33,FALSE
1TP3UTEX1G5TOITAAR,11:35:00,0:08:00
1TP3UTEX1G5TOITAAR,11:43:00,FALSE
1TP3V6BX1GA0HHBASI,10:42:00,0:58:00
1TP3V6BX1GA0HHBASI,11:40:00,FALSE
1TP3VVKX1GA1UR2AMU,11:57:11,0:34:04
1TP3VVKX1GA1UR2AMU,12:31:15,FALSE
1TP41OCX1G62585AMK,11:54:00,0:41:06
1TP41OCX1G62585AMK,12:35:06,FALSE
1TP43JPX1G2EB8CAAZ,12:17:05,0:07:55
1TP43JPX1G2EB8CAAZ,12:25:00,FALSE
1TP43RBX1688TVAAFW,10:42:00,1:18:00
1TP43RBX1688TVAAFW,12:00:00,FALSE
1TP43TRX1GAE9OGAAF,11:41:00,0:58:38
1TP43TRX1GAE9OGAAF,12:39:38,FALSE
1TP44HMX1GALS8QAMO,11:24:00,0:13:00
1TP44HMX1GALS8QAMO,11:37:00,FALSE
1TP4681X1GC0U43AFQ,11:07:49,0:06:11
1TP4681X1GC0U43AFQ,11:14:00,FALSE
1TP48M0X1G0EMBOAFN,11:36:14,23:32:46
1TP48M0X1G0EMBOAFN,11:09:00,FALSE
1TP496GX1GBHI5VASQ,10:43:00,0:43:51
1TP496GX1GBHI5VASQ,11:26:51,FALSE
1TP497AX1G81KFMAA3,11:41:00,0:48:43
1TP497AX1G81KFMAA3,12:29:43,FALSE
1TP4A02X1642QFLAFY,10:47:00,0:45:00
1TP4A02X1642QFLAFY,11:32:00,FALSE
1TP4BC4X1G8U2M4AME,12:07:00,0:33:00
1TP4BC4X1G8U2M4AME,12:40:00,FALSE
1TP4D4JX1DID8VNAFV,11:04:00,0:41:00
1TP4D4JX1DID8VNAFV,11:45:00,FALSE
1TP4FCEX1GAPOS1AA1,11:35:00,0:07:00
1TP4FCEX1GAPOS1AA1,11:42:00,FALSE
1TP4FKVX1GA2F1QNFV,12:08:27,23:13:33
1TP4FKVX1GA2F1QNFV,11:22:00,FALSE
1TP4HT2X1G61NKNNF4,10:43:00,0:46:00
1TP4HT2X1G61NKNNF4,11:29:00,FALSE
1TP4I84X1GAQ8O6AF2,10:44:28,0:20:32
1TP4I84X1GAQ8O6AF2,11:05:00,FALSE
1TP4IRSX1CT7NT6VAG,11:31:00,0:05:13
1TP4IRSX1CT7NT6VAG,11:36:13,FALSE
1TP4JERX1G60ESMNA5,12:05:33,23:53:33
1TP4JERX1G60ESMNA5,11:59:06,FALSE
1TP4JQAX1G3OUOQNAE,11:32:46,0:04:14
1TP4JQAX1G3OUOQNAE,11:37:00,FALSE
1TP4KIIX1FPKSUPAF4,11:33:00,1:06:00
1TP4KIIX1FPKSUPAF4,12:39:00,FALSE
1TP4NM6X1G9AOECAMR,12:43:51,0:01:07
1TP4NM6X1G9AOECAMR,12:44:58,FALSE
1TP4NN7X1G64IKEASP,10:52:00,0:30:21
1TP4NN7X1G64IKEASP,11:22:21,FALSE
1TP4Q6GX1G8KSEDAM5,11:08:26,0:16:34
1TP4Q6GX1G8KSEDAM5,11:25:00,FALSE
1TP4QD3X1G7K4B1AA5,11:31:00,0:13:00
1TP4QD3X1G7K4B1AA5,11:44:00,FALSE
1TP4QG7X1G210EAAFN,11:39:00,0:34:03
1TP4QG7X1G210EAAFN,12:13:03,FALSE
1TP4RKRX1G9ANN5AFE,11:07:00,FALSE
1TP4T5BX10IH4UJAAH,11:34:00,0:31:00
1TP4T5BX10IH4UJAAH,12:05:00,FALSE
1TP4TNIX1G2JVUQAAJ,11:35:00,0:07:00
1TP4TNIX1G2JVUQAAJ,11:42:00,FALSE
1TP4VQTX1G91NBJVMO,12:45:13,23:18:47
1TP4VQTX1G91NBJVMO,12:04:00,FALSE
1TP514PX1983ABBAMP,11:04:00,0:24:00
1TP514PX1983ABBAMP,11:28:00,FALSE
1TP52RCX1FK27POAND,11:40:00,1:04:00
1TP52RCX1FK27POAND,12:44:00,FALSE
1TP547RX1GB44I0AS5,10:52:00,0:35:00
1TP547RX1GB44I0AS5,11:27:00,FALSE
1TP5562X1G1LNEPAMY,12:07:00,0:35:00
1TP5562X1G1LNEPAMY,12:42:00,FALSE
1TP557UX1G5A36AAA7,12:13:52,0:18:33
1TP557UX1G5A36AAA7,12:32:25,FALSE
1TP5761X1GBOR6TAF8,10:38:00,0:07:00
1TP5761X1GBOR6TAF8,10:45:00,FALSE
1TP591VX1FU2NT2ANP,11:40:00,0:46:00
1TP591VX1FU2NT2ANP,12:26:00,FALSE
1TP5A1BX1FQMB3GAFT,10:27:00,0:34:00
1TP5A1BX1FQMB3GAFT,11:01:00,FALSE
1TP5AOCX1DM9KTEAAC,11:21:00,0:04:39
1TP5AOCX1DM9KTEAAC,11:25:39,FALSE
1TP5ATJX1EC3AMRANT,11:11:47,0:36:55
1TP5ATJX1EC3AMRANT,11:48:42,FALSE
1TP5E75X1FTN00PAS0,11:10:00,0:31:34
1TP5E75X1FTN00PAS0,11:41:34,FALSE
1TP5F1IX15CRSSFAA6,12:17:13,0:07:47
1TP5F1IX15CRSSFAA6,12:25:00,FALSE
1TP5F8GX1G7TK1CASK,10:37:00,0:06:00
1TP5F8GX1G7TK1CASK,10:43:00,FALSE
1TP5F91X16LCUFUAFX,10:35:00,0:41:43
1TP5F91X16LCUFUAFX,11:16:43,FALSE
1TP5FUQX1FSK5Q1NF4,10:42:00,1:35:00
1TP5FUQX1FSK5Q1NF4,12:17:00,FALSE
1TP5G55X1G3QT3GAAA,12:12:35,23:36:25
1TP5G55X1G3QT3GAAA,11:49:00,FALSE
1TP5GT0X16H7IHJAFR,10:42:00,0:58:00
1TP5GT0X16H7IHJAFR,11:40:00,FALSE
1TP5GURX1G9GCIJAF8,10:41:36,0:08:24
1TP5GURX1G9GCIJAF8,10:50:00,FALSE
1TP5L2OX1FT0FMANFR,10:42:09,0:59:51
1TP5L2OX1FT0FMANFR,11:42:00,FALSE
1TP5LQ5X1BEJLQBAFS,12:01:00,FALSE
1TP5MDPX1G7EDLQAFP,10:51:00,1:00:00
1TP5MDPX1G7EDLQAFP,11:51:00,FALSE
1TP5N2PX1G2P591AAN,12:23:08,0:03:11
1TP5N2PX1G2P591AAN,12:26:19,FALSE
1TP5O53X1G9QELJAAX,11:27:00,0:06:00
1TP5O53X1G9QELJAAX,11:33:00,FALSE
1TP5OR1X11HTBLPAF8,11:53:00,0:48:00
1TP5OR1X11HTBLPAF8,12:41:00,FALSE
1TP5P13X1G7F7JHAMP,11:59:00,0:03:00
1TP5P13X1G7F7JHAMP,12:02:00,FALSE
1TP5QNUX1GANDHOAFG,11:49:00,0:23:00
1TP5QNUX1GANDHOAFG,12:12:00,FALSE
1TP5QRTX1FH727VAF5,10:38:00,0:50:09
1TP5QRTX1FH727VAF5,11:28:09,FALSE
1TP5QSDX1FPHMJ7AAG,12:29:00,0:16:00
1TP5QSDX1FPHMJ7AAG,12:45:00,FALSE
1TP5RVTX1GBITJ8AFI,10:41:00,0:49:00
1TP5RVTX1GBITJ8AFI,11:30:00,FALSE
1TP5S1BX1GB6RSMAF3,10:41:28,0:05:32
1TP5S1BX1GB6RSMAF3,10:47:00,FALSE
1TP5UA0X1FSK9S0AFU,11:53:00,0:48:00
1TP5UA0X1FSK9S0AFU,12:41:00,FALSE
1TP5UN5X1G901C1AFY,10:42:00,1:35:00
1TP5UN5X1G901C1AFY,12:17:00,FALSE
1TP5VQ0X160LIB7NF9,11:38:00,0:30:09
1TP5VQ0X160LIB7NF9,12:08:09,FALSE
1TP60R0X1G87B82AFR,11:34:42,23:04:18
1TP60R0X1G87B82AFR,10:39:00,FALSE
1TP61TNX1G6SEA6AFW,10:39:52,0:07:08
1TP61TNX1G6SEA6AFW,10:47:00,FALSE
1TP62A4X1G4C118NF4,10:37:00,0:40:00
1TP62A4X1G4C118NF4,11:17:00,FALSE
1TP63TUX1FSJ87NASP,10:46:00,0:10:57
1TP63TUX1FSJ87NASP,10:56:57,FALSE
1TP688KX1GA324IAF9,12:02:30,0:37:30
1TP688KX1GA324IAF9,12:40:00,FALSE
1TP68SNX1G9BH6MAMG,12:34:44,23:20:37
1TP68SNX1G9BH6MAMG,11:55:21,FALSE
1TP6AC5X1FRKBQ1AF2,11:46:16,0:05:44
1TP6AC5X1FRKBQ1AF2,11:52:00,FALSE
1TP6AN7X1GA0409AAP,11:50:33,0:07:27
1TP6AN7X1GA0409AAP,11:58:00,FALSE
1TP6D2DX1G3UOC0AAI,11:14:00,1:16:23
1TP6D2DX1G3UOC0AAI,12:30:23,FALSE
1TP6D4VX1FI8DHOAF2,11:35:00,1:04:00
1TP6D4VX1FI8DHOAF2,12:39:00,FALSE
1TP6D7VX1FSC7QOAFD,11:10:00,0:27:00
1TP6D7VX1FSC7QOAFD,11:37:00,FALSE
1TP6EHSX1G1TT53NFI,11:23:11,0:08:49
1TP6EHSX1G1TT53NFI,11:32:00,FALSE
1TP6EPHX1G8B8DAVFV,10:41:00,0:48:00
1TP6EPHX1G8B8DAVFV,11:29:00,FALSE
1TP6GQ1X1G58UU6AF5,10:27:00,0:27:00
1TP6GQ1X1G58UU6AF5,10:54:00,FALSE
1TP6K2UX1FLD71AAFB,11:41:39,0:36:21
1TP6K2UX1FLD71AAFB,12:18:00,FALSE
1TP6KI0X1GAJI4TAA7,12:23:07,0:06:09
1TP6KI0X1GAJI4TAA7,12:29:16,FALSE
1TP6LAVX1G2HM0KAAH,11:43:22,0:07:38
1TP6LAVX1G2HM0KAAH,11:51:00,FALSE
1TP6LR3X169HRJEAAI,12:45:27,22:55:33
1TP6LR3X169HRJEAAI,11:41:00,FALSE
1TP6NLOX1G7ASNAAM4,11:42:59,0:13:25
1TP6NLOX1G7ASNAAM4,11:56:24,FALSE
1TP6NS7X1G643OHAF3,10:41:00,0:09:00
1TP6NS7X1G643OHAF3,10:50:00,FALSE
1TP6O7HX1ERL682AFM,11:34:34,1:04:26
1TP6O7HX1ERL682AFM,12:39:00,FALSE
1TP6PFIX11UF3G0AFH,11:27:54,0:38:06
1TP6PFIX11UF3G0AFH,12:06:00,FALSE
1TP6PGRX19AG0IRAFD,11:07:00,0:33:00
1TP6PGRX19AG0IRAFD,11:40:00,FALSE
1TP6QOFX15JRLP7AM3,12:34:38,FALSE
1TP6RJHX1GAT30PAAG,12:14:47,23:56:13
1TP6RJHX1GAT30PAAG,12:11:00,FALSE
1TP6UA6X1G8KU55AS9,12:20:49,23:22:11
1TP6UA6X1G8KU55AS9,11:43:00,FALSE
1TP6UN6X1BRHVB7AAK,11:36:05,0:05:55
1TP6UN6X1BRHVB7AAK,11:42:00,FALSE
1TP717NX15TDSPDAFA,11:13:00,FALSE
1TP72T0X15T49A4AMX,11:56:00,0:27:18
1TP72T0X15T49A4AMX,12:23:18,FALSE
1TP72TFX1G7M0R2AFQ,10:39:00,0:47:00
1TP72TFX1G7M0R2AFQ,11:26:00,FALSE
1TP730UX0VCH7SQAAJ,11:36:26,0:05:34
1TP730UX0VCH7SQAAJ,11:42:00,FALSE
1TP736NX1G9EF2FAFH,10:40:00,0:14:00
1TP736NX1G9EF2FAFH,10:54:00,FALSE
1TP767VX1GBVV57AAP,12:45:08,23:19:57
1TP767VX1GBVV57AAP,12:05:05,FALSE
1TP77FPX1G9NNRLAAX,11:24:00,0:07:00
1TP77FPX1G9NNRLAAX,11:31:00,FALSE
1TP782QX1FKSRKBAFE,11:37:00,0:57:27
1TP782QX1FKSRKBAFE,12:34:27,FALSE
1TP7972X1G6JOGKAFE,11:52:00,0:36:08
1TP7972X1G6JOGKAFE,12:28:08,FALSE
1TP7976X1G7KEFBAAG,12:46:17,23:27:27
1TP7976X1G7KEFBAAG,12:13:44,FALSE
1TP7A7AX1G2U6N2AFB,11:12:00,0:08:00
1TP7A7AX1G2U6N2AFB,11:20:00,FALSE
1TP7C7DX1FS2FB6AAZ,11:35:00,0:10:00
1TP7C7DX1FS2FB6AAZ,11:45:00,FALSE
1TP7CD6X1G8KVIQAF9,12:06:00,FALSE
1TP7CKRX1G6L72HAAQ,12:23:04,0:05:57
1TP7CKRX1G6L72HAAQ,12:29:01,FALSE
1TP7D0FX1FQ25S1NFX,10:41:00,0:37:00
1TP7D0FX1FQ25S1NFX,11:18:00,FALSE
1TP7D6VX1FJTROAAFD,10:58:00,0:38:00
1TP7D6VX1FJTROAAFD,11:36:00,FALSE
1TP7EPQX15U8E36AA6,12:42:01,23:32:14
1TP7EPQX15U8E36AA6,12:14:15,FALSE
1TP7F5RX1G31BPBAF9,11:40:15,0:03:45
1TP7F5RX1G31BPBAF9,11:44:00,FALSE
1TP7FHVX1FQ65MTNAU,11:44:21,0:19:39
1TP7FHVX1FQ65MTNAU,12:04:00,FALSE
1TP7HG2X1G8KT8FAA5,11:35:00,0:12:00
1TP7HG2X1G8KT8FAA5,11:47:00,FALSE
1TP7HUUX1D2PO4NAFY,11:09:23,0:31:37
1TP7HUUX1D2PO4NAFY,11:41:00,FALSE
1TP7JQQX1G0VK64VFA,12:09:00,FALSE
1TP7LHLX1G3SJVFAFX,10:43:00,0:13:00
1TP7LHLX1G3SJVFAFX,10:56:00,FALSE
1TP7LLIX15U9KGUAAH,11:58:00,0:26:49
1TP7LLIX15U9KGUAAH,12:24:49,FALSE
1TP7LTTX1G8L0BGAMQ,12:01:00,0:39:00
1TP7LTTX1G8L0BGAMQ,12:40:00,FALSE
1TP7NSJX1DRV8UQAFU,11:41:00,0:39:29
1TP7NSJX1DRV8UQAFU,12:20:29,FALSE
1TP7O3HX1D3RSA3AFE,10:30:00,0:52:00
1TP7O3HX1D3RSA3AFE,11:22:00,FALSE
1TP7QG0X1GBL38BAAH,11:42:00,0:09:38
1TP7QG0X1GBL38BAAH,11:51:38,FALSE
1TP7RLUX12V8LR3ASG,10:41:00,0:06:01
1TP7RLUX12V8LR3ASG,10:47:01,FALSE
1TP7RSLX1FPRIJMAAS,12:38:29,0:02:47
1TP7RSLX1FPRIJMAAS,12:41:16,FALSE
1TP7SCAX1FPCSM5AFL,11:34:29,0:53:21
1TP7SCAX1FPCSM5AFL,12:27:50,FALSE
1TP7SQEX1G32FJ4AAH,11:06:00,0:08:00
1TP7SQEX1G32FJ4AAH,11:14:00,FALSE
1TP7UHFX1G5DM0UAAR,11:35:07,0:54:41
1TP7UHFX1G5DM0UAAR,12:29:48,FALSE
1TP7UVLX1G83T2UNAJ,12:22:16,0:05:48
1TP7UVLX1G83T2UNAJ,12:28:04,FALSE
1TP7V8TX1GCH82FAF2,10:45:00,0:46:00
1TP7V8TX1GCH82FAF2,11:31:00,FALSE
1TP82CQX1G9Q4FGASR,12:14:24,0:01:36
1TP82CQX1G9Q4FGASR,12:16:00,FALSE
1TP82P9X1FQA6GEAA9,11:13:22,0:03:38
1TP82P9X1FQA6GEAA9,11:17:00,FALSE
1TP843BX18JDBE0ASS,11:23:22,0:50:38
1TP843BX18JDBE0ASS,12:14:00,FALSE
1TP8692X1FV2FKHAAL,11:33:00,0:07:22
1TP8692X1FV2FKHAAL,11:40:22,FALSE
1TP87DQX19FOQ85AAN,12:43:14,23:31:11
1TP87DQX19FOQ85AAN,12:14:25,FALSE
1TP88IIX1G9C3Q4AFV,10:39:00,1:09:29
1TP88IIX1G9C3Q4AFV,11:48:29,FALSE
1TP88Q5X16M56MLAA5,12:17:11,0:07:49
1TP88Q5X16M56MLAA5,12:25:00,FALSE
1TP898PX1D252KUNA6,11:24:18,0:34:07
1TP898PX1D252KUNA6,11:58:25,FALSE
1TP8F9PX1GBK35QAFF,10:38:00,0:55:00
1TP8F9PX1GBK35QAFF,11:33:00,FALSE
1TP8HH9X1G9BAI1AAM,11:24:00,0:06:00
1TP8HH9X1G9BAI1AAM,11:30:00,FALSE
1TP8IUDX1FRNFBOASU,10:54:00,0:50:00
1TP8IUDX1FRNFBOASU,11:44:00,FALSE
1TP8JCRX1DSF9KFAFB,10:44:13,0:46:12
1TP8JCRX1DSF9KFAFB,11:30:25,FALSE
1TP8LHBX1FQ9VE6AAI,11:43:34,0:07:26
1TP8LHBX1FQ9VE6AAI,11:51:00,FALSE
1TP8LNHX1G65NDUAMQ,11:39:31,0:09:29
1TP8LNHX1G65NDUAMQ,11:49:00,FALSE
1TP8MJPX1G5HJGKAAI,12:05:40,23:53:31
1TP8MJPX1G5HJGKAAI,11:59:11,FALSE
1TP8MOIX1G5CIL1AFU,11:48:00,0:40:14
1TP8MOIX1G5CIL1AFU,12:28:14,FALSE
1TP8OQRX1G2L7RHAMH,11:13:00,0:50:00
1TP8OQRX1G2L7RHAMH,12:03:00,FALSE
1TP8QGQX1G2HKO2AAV,11:35:00,0:09:00
1TP8QGQX1G2HKO2AAV,11:44:00,FALSE
1TP8R2GX1G8R260AFJ,10:52:00,0:52:00
1TP8R2GX1G8R260AFJ,11:44:00,FALSE
1TP8SHKX1G49M34NAQ,11:32:45,0:04:15
1TP8SHKX1G49M34NAQ,11:37:00,FALSE
1TP8TOSX1G8K1SRAFF,10:27:00,0:34:00
1TP8TOSX1G8K1SRAFF,11:01:00,FALSE
1TP8U9IX155O3MKAFV,11:40:12,0:07:40
1TP8U9IX155O3MKAFV,11:47:52,FALSE
1TP8VPTX1GBGSR2AAZ,11:58:00,0:26:50
1TP8VPTX1GBGSR2AAZ,12:24:50,FALSE
1TP90IGX1G23OQ1NFG,12:07:47,23:14:13
1TP90IGX1G23OQ1NFG,11:22:00,FALSE
1TP92QFX1G52FL6AAW,11:05:00,0:11:51
1TP92QFX1G52FL6AAW,11:16:51,FALSE
1TP93JSX1GE0ADIAAX,12:42:31,23:31:39
1TP93JSX1GE0ADIAAX,12:14:10,FALSE
1TP9481X1GBFAGQAF1,12:05:00,0:24:45
1TP9481X1GBFAGQAF1,12:29:45,FALSE
1TP96P8X19FDKH2AFA,10:27:00,0:34:00
1TP96P8X19FDKH2AFA,11:01:00,FALSE
1TP9760X1679IIJAFO,10:40:00,0:51:00
1TP9760X1679IIJAFO,11:31:00,FALSE
1TP97GJX1GB6AQ8AA0,11:24:49,0:03:11
1TP97GJX1GB6AQ8AA0,11:28:00,FALSE
1TP98RNX14NAFJCAFT,11:35:00,1:04:00
1TP98RNX14NAFJCAFT,12:39:00,FALSE
1TP9A7CX1GB1HG2AAL,11:31:00,0:04:00
1TP9A7CX1GB1HG2AAL,11:35:00,FALSE
1TP9B20X1GAPN38AFI,11:55:00,0:23:24
1TP9B20X1GAPN38AFI,12:18:24,FALSE
1TP9B7DX1FM1EHDAFW,12:43:00,FALSE
1TP9CCDX1GCGQDNAFO,10:41:34,0:47:36
1TP9CCDX1GCGQDNAFO,11:29:10,FALSE
1TP9CT2X1GAF4HNAAJ,12:13:56,0:15:29
1TP9CT2X1GAF4HNAAJ,12:29:25,FALSE
1TP9D8NX1ENKO9IAFK,11:11:00,0:35:00
1TP9D8NX1ENKO9IAFK,11:46:00,FALSE
1TP9G23X1G6VG3CNAB,11:45:31,0:06:29
1TP9G23X1G6VG3CNAB,11:52:00,FALSE
1TP9I5CX1GBMNJ6AAB,12:45:00,FALSE
1TP9JO6X1G75092NA5,11:49:00,0:21:00
1TP9JO6X1G75092NA5,12:10:00,FALSE
1TP9M0JX11LE2S7AFU,12:10:00,FALSE
1TP9NADX1FJ6S4EAFK,11:27:00,0:39:00
1TP9NADX1FJ6S4EAFK,12:06:00,FALSE
1TP9OBCX1G5B4PUNFC,10:56:00,0:26:00
1TP9OBCX1G5B4PUNFC,11:22:00,FALSE
1TP9OF5X1G7CE2JAAA,11:36:07,0:01:55
1TP9OF5X1G7CE2JAAA,11:38:02,FALSE
1TP9OJAX1G0NMCLAFC,12:02:30,23:22:02
1TP9OJAX1G0NMCLAFC,11:24:32,FALSE
1TP9PURX1G3VE47AM3,12:10:39,0:04:26
1TP9PURX1G3VE47AM3,12:15:05,FALSE
1TP9QF9X1GAO1I2AF3,12:05:07,0:32:53
1TP9QF9X1GAO1I2AF3,12:38:00,FALSE
1TP9QQRX1G8TSQMAFN,10:56:36,1:06:24
1TP9QQRX1G8TSQMAFN,12:03:00,FALSE
1TP9RM6X1G7KGNMAF0,12:18:48,0:10:29
1TP9RM6X1G7KGNMAF0,12:29:17,0:01:26
1TP9RM6X1G7KGNMAF0,12:30:43,0:00:52
1TP9RM6X1G7KGNMAF0,12:31:35,FALSE
1TP9S4EX1G9ICFNAFC,10:40:37,1:10:23
1TP9S4EX1G9ICFNAFC,11:51:00,FALSE
1TP9U5NX1G5VHTGNF3,10:43:00,0:51:00
1TP9U5NX1G5VHTGNF3,11:34:00,FALSE
1TP9UKCX1685PAJASS,11:11:12,0:29:48
1TP9UKCX1685PAJASS,11:41:00,FALSE
1TP9UTAX1GAKJ4AAAX,11:24:00,0:07:00
1TP9UTAX1GAKJ4AAAX,11:31:00,FALSE
1TP9VEAX1G97Q5CAF4,11:16:00,0:54:00
1TP9VEAX1G97Q5CAF4,12:10:00,FALSE
1TPA0D7X1ET6L0JAFL,11:36:55,0:35:41
1TPA0D7X1ET6L0JAFL,12:12:36,FALSE
1TPA2LBX1G7EC86AAV,11:49:00,0:08:00
1TPA2LBX1G7EC86AAV,11:57:00,FALSE
1TPA3N7X1G9DQACAFF,12:30:17,0:20:43
1TPA3N7X1G9DQACAFF,12:51:00,FALSE
1TPA4DVX1G5OHQEAA6,11:05:00,0:07:30
1TPA4DVX1G5OHQEAA6,11:12:30,FALSE
1TPA4UPX1FRJ84TAN6,11:58:19,0:16:31
1TPA4UPX1FRJ84TAN6,12:14:50,FALSE
1TPA58OX1G97PVKVAK,11:11:39,0:26:21
1TPA58OX1G97PVKVAK,11:38:00,FALSE
1TPA59FX14N4D50CF6,10:27:00,0:09:00
1TPA59FX14N4D50CF6,10:36:00,FALSE
1TPA7QDX1GBCDQ1AFB,10:40:00,0:48:00
1TPA7QDX1GBCDQ1AFB,11:28:00,FALSE
1TPA969X1G90VNTAM2,12:19:40,0:30:20
1TPA969X1G90VNTAM2,12:50:00,FALSE
1TPAA4CX1G92F5DVF3,10:34:00,0:45:59
1TPAA4CX1G92F5DVF3,11:19:59,FALSE
1TPABAIX1G7UMIPNAR,12:45:00,FALSE
1TPACGTX1G9FPB0VMQ,12:01:00,0:39:00
1TPACGTX1G9FPB0VMQ,12:40:00,FALSE
1TPAEQ4X1GC19G0AFF,11:43:00,0:26:00
1TPAEQ4X1GC19G0AFF,12:09:00,FALSE
1TPAFADX1FSLNKVAFA,10:50:41,0:19:19
1TPAFADX1FSLNKVAFA,11:10:00,FALSE
1TPAH1PX1GCC7ROAS3,11:10:00,0:31:00
1TPAH1PX1GCC7ROAS3,11:41:00,FALSE
1TPAJEHX1GARPDHAFJ,11:50:00,0:25:00
1TPAJEHX1GARPDHAFJ,12:15:00,FALSE
1TPAL7UX153A433AFW,11:07:00,1:07:00
1TPAL7UX153A433AFW,12:14:00,FALSE
1TPALT1X1A2TBQOAFB,10:39:41,0:59:19
1TPALT1X1A2TBQOAFB,11:39:00,FALSE
1TPANQ9X167ISP3AFJ,10:41:00,0:59:00
1TPANQ9X167ISP3AFJ,11:40:00,FALSE
1TPAQ22X1G7B2EMAF0,10:36:53,0:39:53
1TPAQ22X1G7B2EMAF0,11:16:46,FALSE
1TPAS85X1GAPE0SAF0,10:34:00,0:05:00
1TPAS85X1GAPE0SAF0,10:39:00,FALSE
1TPAV8OX1FUFUK5AAJ,11:32:00,0:01:00
1TPAV8OX1FUFUK5AAJ,11:33:00,FALSE
1TPB1MOX1G5HLCUAFL,12:28:00,0:07:00
1TPB1MOX1G5HLCUAFL,12:35:00,FALSE
1TPB1T3X1G5N8QIAF3,11:12:00,0:09:00
1TPB1T3X1G5N8QIAF3,11:21:00,FALSE
1TPB2J4X1GAFMIENF2,12:07:43,23:14:17
1TPB2J4X1GAFMIENF2,11:22:00,FALSE
1TPB2JCX1G897ACAFH,10:40:00,0:43:00
1TPB2JCX1G897ACAFH,11:23:00,FALSE
1TPB3N6X1G6ABOEAF4,10:38:00,0:06:00
1TPB3N6X1G6ABOEAF4,10:44:00,FALSE
1TPB470X1GAF2CNAFW,11:21:00,0:30:00
1TPB470X1GAF2CNAFW,11:51:00,FALSE
1TPB8G0X1GB0PLVAF6,10:42:58,1:17:02
1TPB8G0X1GB0PLVAF6,12:00:00,FALSE
1TPB96QX1BDJ80JAFH,10:35:00,0:38:56
1TPB96QX1BDJ80JAFH,11:13:56,FALSE
1TPBB3SX1G9GP87AF8,10:41:15,1:00:45
1TPBB3SX1G9GP87AF8,11:42:00,FALSE
1TPBBRFX1EQTSL8AA9,12:43:00,23:31:22
1TPBBRFX1EQTSL8AA9,12:14:22,0:24:29
1TPBBRFX1EQTSL8AA9,12:38:51,FALSE
1TPBCJ7X1G7UORDAFY,10:41:32,0:46:28
1TPBCJ7X1G7UORDAFY,11:28:00,FALSE
1TPBDFBX0U3H8ORAAS,11:43:00,0:50:17
1TPBDFBX0U3H8ORAAS,12:33:17,FALSE
1TPBDUBX1G71R32AF9,10:42:00,1:01:00
1TPBDUBX1G71R32AF9,11:43:00,FALSE
1TPBE90X15VNJRKAFU,12:10:00,0:06:19
1TPBE90X15VNJRKAFU,12:16:19,FALSE
1TPBF8FX1G5CACEAAV,11:10:00,0:05:00
1TPBF8FX1G5CACEAAV,11:15:00,FALSE
1TPBGOPX1G6C2OTAMO,11:11:00,0:12:20
1TPBGOPX1G6C2OTAMO,11:23:20,FALSE
1TPBHMCX1G9NMQVAFZ,10:38:00,1:06:00
1TPBHMCX1G9NMQVAFZ,11:44:00,FALSE
1TPBJEGX1GA8IPBASX,11:52:00,0:21:32
1TPBJEGX1GA8IPBASX,12:13:32,FALSE
1TPBK7VX1G7ML02NFT,10:40:00,0:36:00
1TPBK7VX1G7ML02NFT,11:16:00,FALSE
1TPBK8NX1G8SJHJAF9,11:14:00,0:56:00
1TPBK8NX1G8SJHJAF9,12:10:00,FALSE
1TPBKN9X1GBL5NSAFU,10:41:00,0:49:00
1TPBKN9X1GBL5NSAFU,11:30:00,FALSE
1TPBL10X1G96OK0AAI,12:12:51,23:36:09
1TPBL10X1G96OK0AAI,11:49:00,FALSE
1TPBMJJX1G2DV2JAF1,10:43:00,0:48:00
1TPBMJJX1G2DV2JAF1,11:31:00,FALSE
1TPBMO8X1GCL2SKAA7,12:39:14,23:34:48
1TPBMO8X1GCL2SKAA7,12:14:02,FALSE
1TPBN04X1FVEK6JAFQ,10:42:00,1:00:00
1TPBN04X1FVEK6JAFQ,11:42:00,FALSE
1TPBN9AX1G89VA5AME,11:54:00,0:40:34
1TPBN9AX1G89VA5AME,12:34:34,FALSE
1TPBNLHX1FUIJEPAAP,11:26:00,0:24:00
1TPBNLHX1FUIJEPAAP,11:50:00,FALSE
1TPBNP2X15VLI93AFF,11:28:00,0:01:00
1TPBNP2X15VLI93AFF,11:29:00,FALSE
1TPBNTOX1GBOO6BAAD,11:32:49,0:10:11
1TPBNTOX1GBOO6BAAD,11:43:00,FALSE
1TPBP8FX15JO6DVAF7,11:11:18,0:35:42
1TPBP8FX15JO6DVAF7,11:47:00,FALSE
1TPBREEX162B53FAFF,11:50:00,0:20:00
1TPBREEX162B53FAFF,12:10:00,FALSE
1TPBRT5X1G50ISHAS4,12:20:54,23:22:06
1TPBRT5X1G50ISHAS4,11:43:00,FALSE
1TPBSCTX1FTMP9INF8,10:34:00,0:45:00
1TPBSCTX1FTMP9INF8,11:19:00,FALSE
1TPBSK1X16D3RQBAAE,12:03:29,23:54:31
1TPBSK1X16D3RQBAAE,11:58:00,FALSE
1TPBT8DX1G93VHGAFI,11:43:00,1:02:00
1TPBT8DX1G93VHGAFI,12:45:00,FALSE
1TPBTAEX1GA7A05AFF,10:57:00,0:04:00
1TPBTAEX1GA7A05AFF,11:01:00,FALSE
1TPBUBVX1G221EMAFS,12:38:00,0:11:00
1TPBUBVX1G221EMAFS,12:49:00,FALSE
1TPBUN0X15Q45RSAAV,12:45:43,23:28:45
1TPBUN0X15Q45RSAAV,12:14:28,FALSE
1TPBV2AX1G4V03HNFU,10:56:00,0:26:00
1TPBV2AX1G4V03HNFU,11:22:00,FALSE
1TPBV78X1G9V2MKAAO,11:58:00,0:26:52
1TPBV78X1G9V2MKAAO,12:24:52,FALSE
1TPBV8NX1G83QCCAFB,10:45:00,0:46:00
1TPBV8NX1G83QCCAFB,11:31:00,FALSE
1TPBVV2X1BD4UJ2AFS,11:42:00,1:03:00
1TPBVV2X1BD4UJ2AFS,12:45:00,FALSE
1TPC05OX1G208S9AMW,11:05:00,0:28:00
1TPC05OX1G208S9AMW,11:33:00,FALSE
1TPC18IX11NK1GKAFJ,10:37:00,0:43:53
1TPC18IX11NK1GKAFJ,11:20:53,FALSE
1TPC1GEX1FB2C3HAF3,10:42:27,0:51:33
1TPC1GEX1FB2C3HAF3,11:34:00,FALSE
1TPC2PUX1G895RUAFF,10:34:00,0:44:00
1TPC2PUX1G895RUAFF,11:18:00,FALSE
1TPC3HFX1G48VLSAFN,11:58:00,0:09:00
1TPC3HFX1G48VLSAFN,12:07:00,FALSE
1TPC3K4X1G8B4T4NA0,12:45:00,FALSE
1TPC3K8X1G5OFANAAJ,11:42:00,0:09:00
1TPC3K8X1G5OFANAAJ,11:51:00,FALSE
1TPC45UX1G3DVS8AMQ,12:34:22,23:19:38
1TPC45UX1G3DVS8AMQ,11:54:00,FALSE
1TPC47NX1G7R7HTAFT,10:43:49,1:09:11
1TPC47NX1G7R7HTAFT,11:53:00,FALSE
1TPC6HHX1G3D8LCAAH,11:21:00,0:05:00
1TPC6HHX1G3D8LCAAH,11:26:00,FALSE
1TPC71PX1GAAFKAAMQ,11:24:00,0:13:00
1TPC71PX1GAAFKAAMQ,11:37:00,FALSE
1TPC7P4X1G9DJJBAS2,11:51:00,FALSE
1TPC80HX1G97SANAS5,12:13:49,0:03:11
1TPC80HX1G97SANAS5,12:17:00,FALSE
1TPC8VIX1GBQL6EAFE,11:21:00,0:30:00
1TPC8VIX1GBQL6EAFE,11:51:00,FALSE
1TPC93QX1G9UA4AAAX,11:37:00,0:13:00
1TPC93QX1G9UA4AAAX,11:50:00,FALSE
1TPC9MMX1G6EUMUASW,10:40:00,1:34:00
1TPC9MMX1G6EUMUASW,12:14:00,FALSE
1TPCB4SX1G2IU1CAFZ,11:41:00,0:58:00
1TPCB4SX1G2IU1CAFZ,12:39:00,FALSE
1TPCCOIX15AH97JAF5,11:10:06,0:10:32
1TPCCOIX15AH97JAF5,11:20:38,FALSE
1TPCDHAX1G8HMIFAFW,11:43:00,0:26:00
1TPCDHAX1G8HMIFAFW,12:09:00,FALSE
1TPCEK5X1GAR9AUASJ,10:46:58,0:10:27
1TPCEK5X1GAR9AUASJ,10:57:25,FALSE
1TPCEOHX1526DNVVFR,10:39:01,0:05:59
1TPCEOHX1526DNVVFR,10:45:00,FALSE
1TPCHN9X1EA0QUUAAG,12:22:11,0:04:43
1TPCHN9X1EA0QUUAAG,12:26:54,FALSE
1TPCI4EX0UK64FMAFI,12:11:08,0:05:14
1TPCI4EX0UK64FMAFI,12:16:22,FALSE
1TPCID6X1G6R1OAAFK,11:07:00,0:07:49
1TPCID6X1G6R1OAAFK,11:14:49,FALSE
1TPCLR9X1G69O34VAZ,11:38:00,0:15:00
1TPCLR9X1G69O34VAZ,11:53:00,FALSE
1TPCLV3X15FOB1KNFG,10:43:00,0:43:47
1TPCLV3X15FOB1KNFG,11:26:47,FALSE
1TPCMI1X1FK50F9AFY,11:10:53,0:40:07
1TPCMI1X1FK50F9AFY,11:51:00,FALSE
1TPCMV5X1613BA2AFD,12:09:44,0:10:09
1TPCMV5X1613BA2AFD,12:19:53,FALSE
1TPCND5X1G6970IAAS,12:44:27,23:29:50
1TPCND5X1G6970IAAS,12:14:17,FALSE
1TPCO9HX1FMIJRVNA8,11:42:35,0:07:29
1TPCO9HX1FMIJRVNA8,11:50:04,FALSE
1TPCPAFX1FK3LLMAF9,11:09:00,1:33:00
1TPCPAFX1FK3LLMAF9,12:42:00,FALSE
1TPCQPMX18L3GT1AF1,10:38:51,1:01:09
1TPCQPMX18L3GT1AF1,11:40:00,FALSE
1TPCT87X1G9BS4DAAG,12:28:18,0:02:17
1TPCT87X1G9BS4DAAG,12:30:35,FALSE
1TPCTDJX1G51M20NFU,10:43:00,0:47:00
1TPCTDJX1G51M20NFU,11:30:00,FALSE
1TPCTIKX1GAE1MEAFF,10:42:00,1:01:00
1TPCTIKX1GAE1MEAFF,11:43:00,FALSE
1TPCTUQX1G8NJF1VMJ,11:17:00,1:00:40
1TPCTUQX1G8NJF1VMJ,12:17:40,FALSE
1TPCUNGX168HT89AAX,11:46:00,1:01:00
1TPCUNGX168HT89AAX,12:47:00,FALSE
1TPD07VX1FU63Q3AAW,11:43:00,0:08:00
1TPD07VX1FU63Q3AAW,11:51:00,FALSE
1TPD1FUX1G6NBC4ASN,10:41:00,0:05:00
1TPD1FUX1G6NBC4ASN,10:46:00,FALSE
1TPD2AKX1G3EI8IAAN,10:59:00,0:03:00
1TPD2AKX1G3EI8IAAN,11:02:00,0:02:00
1TPD2AKX1G3EI8IAAN,11:04:00,FALSE
1TPD2FCX1G9T7QUAM9,11:02:00,0:53:00
1TPD2FCX1G9T7QUAM9,11:55:00,FALSE
1TPD2PPX1GAGSM4AFH,10:35:27,0:50:07
1TPD2PPX1GAGSM4AFH,11:25:34,FALSE
1TPD3AUX1GB44L9AFJ,11:11:00,0:26:00
1TPD3AUX1GB44L9AFJ,11:37:00,FALSE
1TPD58QX1G4MGE7AAH,11:49:00,0:08:00
1TPD58QX1G4MGE7AAH,11:57:00,FALSE
1TPD677X15VKHSQAAP,11:37:52,0:07:08
1TPD677X15VKHSQAAP,11:45:00,FALSE
1TPD6JLX1G83T2CAFF,10:50:00,1:01:00
1TPD6JLX1G83T2CAFF,11:51:00,FALSE
1TPD6TJX1GA43DGAFM,11:05:00,0:09:34
1TPD6TJX1GA43DGAFM,11:14:34,FALSE
1TPD8KDX1G70LPUAAD,11:58:00,0:27:21
1TPD8KDX1G70LPUAAD,12:25:21,FALSE
1TPD92LX15VKILRAFM,12:38:43,0:06:54
1TPD92LX15VKILRAFM,12:45:37,FALSE
1TPD9BKX1FS17D1AMQ,12:51:00,0:05:00
1TPD9BKX1FS17D1AMQ,12:56:00,FALSE
1TPDH6LX1GCRSB2AFU,10:42:31,1:17:29
1TPDH6LX1GCRSB2AFU,12:00:00,FALSE
1TPDI86X1GBANIEAAD,11:32:40,0:04:20
1TPDI86X1GBANIEAAD,11:37:00,FALSE
1TPDJ9EX11999U8AAG,11:36:04,0:05:56
1TPDJ9EX11999U8AAG,11:42:00,FALSE
1TPDLE5X15HK9Q9NFF,10:56:00,0:36:00
1TPDLE5X15HK9Q9NFF,11:32:00,FALSE
1TPDM10X162LHRQAFZ,12:45:11,23:18:49
1TPDM10X162LHRQAFZ,12:04:00,FALSE
1TPDMDQX160QSA0AAY,11:04:00,0:07:00
1TPDMDQX160QSA0AAY,11:11:00,FALSE
1TPDMHIX1G82RBIAFK,10:36:50,0:36:51
1TPDMHIX1G82RBIAFK,11:13:41,FALSE
1TPDMN8X1G9BI36AMX,12:34:04,23:32:56
1TPDMN8X1G9BI36AMX,12:07:00,FALSE
1TPDMTMX1FQVNMAAFF,11:11:00,0:03:00
1TPDMTMX1FQVNMAAFF,11:14:00,FALSE
1TPDN3FX1FKNLQLAFN,10:58:00,0:38:00
1TPDN3FX1FKNLQLAFN,11:36:00,FALSE
1TPDNSBX0VE259QAFU,11:38:19,0:55:56
1TPDNSBX0VE259QAFU,12:34:15,FALSE
1TPDPUVX1G7DE4VAAG,12:42:47,23:31:10
1TPDPUVX1G7DE4VAAG,12:13:57,FALSE
1TPDQO6X1G3MKNKAS3,11:12:00,0:05:00
1TPDQO6X1G3MKNKAS3,11:17:00,FALSE
1TPDR28X1FIOGOLAAT,10:38:00,0:08:00
1TPDR28X1FIOGOLAAT,10:46:00,FALSE
1TPDRN8X1G5TPM8AF0,12:09:00,FALSE
1TPDSHJX1FTME8KAMS,11:09:00,0:07:34
1TPDSHJX1FTME8KAMS,11:16:34,1:27:26
1TPDSHJX1FTME8KAMS,12:44:00,0:02:00
1TPDSHJX1FTME8KAMS,12:46:00,FALSE
1TPDTMMX19LR1FPAF9,12:33:07,23:04:53
1TPDTMMX19LR1FPAF9,11:38:00,FALSE
1TPDV9VX1GA90VOAFJ,10:36:57,0:43:58
1TPDV9VX1GA90VOAFJ,11:20:55,FALSE
1TPDVO7X1G8F74JASG,11:13:11,0:03:49
1TPDVO7X1G8F74JASG,11:17:00,FALSE
1TPE0BTX1G1OHVHAFL,12:24:55,0:14:05
1TPE0BTX1G1OHVHAFL,12:39:00,FALSE
1TPE0HBX1G76HA3AFZ,11:42:00,FALSE
1TPE4DKX1FR4AH0AFB,11:34:59,23:35:04
1TPE4DKX1FR4AH0AFB,11:10:03,FALSE
1TPE6RAX1FSKCQ8AA8,12:31:52,0:05:08
1TPE6RAX1FSKCQ8AA8,12:37:00,FALSE
1TPE7A1X16J2VAAAFR,10:39:44,0:47:16
1TPE7A1X16J2VAAAFR,11:27:00,FALSE
1TPE9ISX1G9NUD2NFF,10:45:30,0:48:30
1TPE9ISX1G9NUD2NFF,11:34:00,FALSE
1TPE9NDX13240G7AF2,12:05:00,FALSE
1TPE9ROX1CSEAPLAFJ,10:31:00,0:55:00
1TPE9ROX1CSEAPLAFJ,11:26:00,FALSE
1TPEB2MX1FI9RSNAAP,12:36:39,23:38:08
1TPEB2MX1FI9RSNAAP,12:14:47,0:16:24
1TPEB2MX1FI9RSNAAP,12:31:11,0:05:46
1TPEB2MX1FI9RSNAAP,12:36:57,FALSE
1TPEF58X16DOG6NAF8,12:45:04,23:19:56
1TPEF58X16DOG6NAF8,12:05:00,FALSE
1TPEF65X1G5CFU8AF2,10:42:00,0:46:20
1TPEF65X1G5CFU8AF2,11:28:20,FALSE
1TPEFNMX1FU9H4RAAR,11:35:38,0:29:22
1TPEFNMX1FU9H4RAAR,12:05:00,FALSE
1TPEGBLX1G4HKNSNFX,10:43:00,0:43:50
1TPEGBLX1G4HKNSNFX,11:26:50,FALSE
1TPEI93X1G69UC4AF5,10:55:00,1:09:20
1TPEI93X1G69UC4AF5,12:04:20,FALSE
1TPEKAMX1G78T39AAM,12:43:24,23:31:05
1TPEKAMX1G78T39AAM,12:14:29,FALSE
1TPEKKVX19GFIS6AA7,12:44:34,23:29:34
1TPEKKVX19GFIS6AA7,12:14:08,FALSE
1TPEMQ0X1G40DVOAM9,11:25:14,0:13:48
1TPEMQ0X1G40DVOAM9,11:39:02,FALSE
1TPENU7X1GCCCQOAF6,10:39:32,1:00:28
1TPENU7X1GCCCQOAF6,11:40:00,FALSE
1TPENVKX1DTBINPNF4,10:52:00,0:30:00
1TPENVKX1DTBINPNF4,11:22:00,FALSE
1TPEOLKX12O2U0GAF8,10:42:33,1:17:27
1TPEOLKX12O2U0GAF8,12:00:00,FALSE
1TPEPFBX1GB1D1EAFX,10:52:00,0:40:00
1TPEPFBX1GB1D1EAFX,11:32:00,FALSE
1TPEPI4X19L3DOVAAO,11:27:40,0:29:20
1TPEPI4X19L3DOVAAO,11:57:00,FALSE
1TPER66X1G7GV2LAAT,11:35:25,23:10:35
1TPER66X1G7GV2LAAT,10:46:00,0:04:12
1TPER66X1G7GV2LAAT,10:50:12,0:46:48
1TPER66X1G7GV2LAAT,11:37:00,FALSE
1TPETQ0X14QTPHNAAJ,11:24:59,0:03:01
1TPETQ0X14QTPHNAAJ,11:28:00,FALSE
1TPETRHX19AR6H1AA8,12:22:19,0:05:54
1TPETRHX19AR6H1AA8,12:28:13,FALSE
1TPF1IVX1G3TLJLAFC,10:38:00,1:04:00
1TPF1IVX1G3TLJLAFC,11:42:00,FALSE
1TPF49VX16I059KAFR,10:30:00,0:52:00
1TPF49VX16I059KAFR,11:22:00,FALSE
1TPF6LTX1GBVSTKAF7,11:52:00,FALSE
1TPF7H6X151C7L0AAI,12:45:40,23:28:02
1TPF7H6X151C7L0AAI,12:13:42,FALSE
1TPF7OQX15O6QF5AFR,11:36:57,0:35:32
1TPF7OQX15O6QF5AFR,12:12:29,FALSE
1TPF7V4X1FSRF6BAAZ,11:41:00,0:09:11
1TPF7V4X1FSRF6BAAZ,11:50:11,FALSE
1TPF8KKX1FV72E5AAX,11:35:00,0:09:00
1TPF8KKX1FV72E5AAX,11:44:00,FALSE
1TPF8VHX1FT5M6DAMF,12:09:40,0:28:38
1TPF8VHX1FT5M6DAMF,12:38:18,FALSE
1TPFBM3X1GBCO5CAFA,10:49:00,0:59:00
1TPFBM3X1GBCO5CAFA,11:48:00,FALSE
1TPFDCRX1G4TUEKAA1,11:18:04,0:26:47
1TPFDCRX1G4TUEKAA1,11:44:51,0:02:09
1TPFDCRX1G4TUEKAA1,11:47:00,0:06:00
1TPFDCRX1G4TUEKAA1,11:53:00,FALSE
1TPFEICX1FSKCH4AFM,11:40:00,0:33:15
1TPFEICX1FSKCH4AFM,12:13:15,FALSE
1TPFEOJX1GB6BC5AM3,11:42:00,0:10:00
1TPFEOJX1GB6BC5AM3,11:52:00,FALSE
1TPFF0RX1G7HD6PAAM,12:27:22,0:14:23
1TPFF0RX1G7HD6PAAM,12:41:45,FALSE
1TPFHBVX1G5AVMFNF1,11:13:00,0:37:20
1TPFHBVX1G5AVMFNF1,11:50:20,FALSE
1TPFIEJX1G18D4FNFL,11:06:03,0:08:28
1TPFIEJX1G18D4FNFL,11:14:31,FALSE
1TPFIKAX14OCDNLAFZ,10:43:00,0:42:00
1TPFIKAX14OCDNLAFZ,11:25:00,FALSE
1TPFJ9MX1G5TSMLAFI,10:58:00,0:41:47
1TPFJ9MX1G5TSMLAFI,11:39:47,FALSE
1TPFLMOX1E04ULUAFP,10:42:00,1:11:00
1TPFLMOX1E04ULUAFP,11:53:00,FALSE
1TPFO66X108HJEDAAF,11:27:00,0:10:00
1TPFO66X108HJEDAAF,11:37:00,FALSE
1TPFP05X1G7R9L4AAP,11:07:07,0:03:53
1TPFP05X1G7R9L4AAP,11:11:00,FALSE
1TPFPI7X1G22374AAX,11:59:26,0:27:03
1TPFPI7X1G22374AAX,12:26:29,FALSE
1TPFQC5X1G6O4A5AFK,10:31:00,0:54:00
1TPFQC5X1G6O4A5AFK,11:25:00,FALSE
1TPFQQNX164V1SKAFB,10:27:00,0:33:10
1TPFQQNX164V1SKAFB,11:00:10,FALSE
1TPFRH6X1G9FHOGAFD,12:06:13,0:40:47
1TPFRH6X1G9FHOGAFD,12:47:00,FALSE
1TPFSFBX1G4UP51AF6,12:09:00,FALSE
1TPG0FEX15KPMNDAF7,11:53:00,0:48:00
1TPG0FEX15KPMNDAF7,12:41:00,FALSE
1TPG0LUX150QBEVAFO,11:09:32,0:34:28
1TPG0LUX150QBEVAFO,11:44:00,FALSE
1TPG498X1G80AGJAAS,11:27:00,0:05:00
1TPG498X1G80AGJAAS,11:32:00,FALSE
1TPG4KLX1GB03MNAFA,10:27:00,1:42:00
1TPG4KLX1GB03MNAFA,12:09:00,FALSE
1TPG6K7X1G0FFACAFP,11:09:00,0:25:00
1TPG6K7X1G0FFACAFP,11:34:00,FALSE
1TPG9TOX13D02MKAFG,11:04:00,0:02:00
1TPG9TOX13D02MKAFG,11:06:00,0:18:00
1TPG9TOX13D02MKAFG,11:24:00,0:00:00
1TPG9TOX13D02MKAFG,11:24:00,FALSE
1TPGASCX1G54SEEAFB,11:18:00,0:22:00
1TPGASCX1G54SEEAFB,11:40:00,FALSE
1TPGC1HX1G6SNTTAAK,11:38:00,0:16:30
1TPGC1HX1G6SNTTAAK,11:54:30,FALSE
1TPGC4KX1DVF2FSAF2,10:52:36,0:51:20
1TPGC4KX1DVF2FSAF2,11:43:56,FALSE
1TPGC9RX1G7C9MAAFX,11:42:06,0:32:56
1TPGC9RX1G7C9MAAFX,12:15:02,FALSE
1TPGD1FX1GA7N5EAF6,10:56:00,0:11:00
1TPGD1FX1GA7N5EAF6,11:07:00,FALSE
1TPGEHKX1GCLAGSAF6,10:30:00,0:06:00
1TPGEHKX1GCLAGSAF6,10:36:00,FALSE
1TPGGOAX19HTE2IAFX,10:51:00,0:08:00
1TPGGOAX19HTE2IAFX,10:59:00,FALSE
1TPGHC1X1GCH7ERAF2,10:47:00,0:51:00
1TPGHC1X1GCH7ERAF2,11:38:00,FALSE
1TPGIQJX1GAIB9SAFF,10:43:00,1:10:00
1TPGIQJX1GAIB9SAFF,11:53:00,FALSE
1TPGIR7X1G6AC8IAAS,12:44:19,23:29:46
1TPGIR7X1G6AC8IAAS,12:14:05,FALSE
1TPGJHHX1E73MFNAFI,11:14:00,0:29:00
1TPGJHHX1E73MFNAFI,11:43:00,FALSE
1TPGKFUX1FV9BA4AFG,11:46:00,0:41:58
1TPGKFUX1FV9BA4AFG,12:27:58,FALSE
1TPGLSSX1G8F804AF9,12:04:00,FALSE
1TPGO3IX1E7MS2KAF3,11:36:34,0:36:10
1TPGO3IX1E7MS2KAF3,12:12:44,FALSE
1TPGPMKX1G5OKUQAFM,10:41:21,1:35:39
1TPGPMKX1G5OKUQAFM,12:17:00,FALSE
1TPGQCLX1GARJMIAF7,10:42:00,1:35:00
1TPGQCLX1GARJMIAF7,12:17:00,FALSE
1TPGQHHX1G8JRFSAFP,11:39:00,0:06:00
1TPGQHHX1G8JRFSAFP,11:45:00,FALSE
1TPGTFVX1GDKFIAAAF,12:45:00,FALSE
1TPGTIDX1G4RS66AF2,10:52:00,1:18:00
1TPGTIDX1G4RS66AF2,12:10:00,FALSE
1TPGTULX1DEVGH8NFN,12:01:41,0:19:57
1TPGTULX1DEVGH8NFN,12:21:38,FALSE
1TPGV4BX1FJJH04AAS,11:17:00,0:05:00
1TPGV4BX1FJJH04AAS,11:22:00,FALSE
1TPH1H2X11NR89UCFE,11:45:49,0:09:35
1TPH1H2X11NR89UCFE,11:55:24,FALSE
1TPH25LX1G92KHUAFK,11:09:00,FALSE
1TPH6H8X1FPTRUEAAX,12:10:35,23:33:16
1TPH6H8X1FPTRUEAAX,11:43:51,FALSE
1TPH7OEX1G30OFVAFO,12:01:37,23:30:23
1TPH7OEX1G30OFVAFO,11:32:00,FALSE
1TPH8EDX1G6L8J1ASV,12:22:16,23:17:44
1TPH8EDX1G6L8J1ASV,11:40:00,FALSE
1TPHBTLX1BEOE4AAAO,11:32:42,0:06:18
1TPHBTLX1BEOE4AAAO,11:39:00,FALSE
1TPHCFFX14N8OVGAF5,11:46:00,FALSE
1TPHDF1X1GC6RINASU,11:10:00,0:31:25
1TPHDF1X1GC6RINASU,11:41:25,FALSE
1TPHE2MX1E7TOJOAFB,10:52:00,0:51:00
1TPHE2MX1E7TOJOAFB,11:43:00,FALSE
1TPHEDNX1G1P5UQAF5,11:08:00,0:11:00
1TPHEDNX1G1P5UQAF5,11:19:00,FALSE
1TPHFIKX1G2Q5T1AM7,11:12:00,0:14:00
1TPHFIKX1G2Q5T1AM7,11:26:00,FALSE
1TPHH7UX1FJ307UAA2,11:10:00,0:07:00
1TPHH7UX1FJ307UAA2,11:17:00,FALSE
1TPHILQX1GC7CSOAFW,12:18:47,0:20:00
1TPHILQX1GC7CSOAFW,12:38:47,FALSE
1TPHJ4PX1G9MPIAAF8,11:40:00,1:05:00
1TPHJ4PX1G9MPIAAF8,12:45:00,FALSE
1TPHJAJX1G088CIAFV,12:39:53,23:02:33
1TPHJAJX1G088CIAFV,11:42:26,FALSE
1TPHN2VX1FI9PJAAAF,11:32:32,0:11:28
1TPHN2VX1FI9PJAAAF,11:44:00,FALSE
1TPHO40X10GNDJ1AF3,11:40:00,0:33:09
1TPHO40X10GNDJ1AF3,12:13:09,FALSE
1TPHQS5X1G9AG5HAFL,11:40:00,1:03:00
1TPHQS5X1G9AG5HAFL,12:43:00,FALSE
1TPHRIEX1CPPKI0AFV,11:05:22,0:39:38
1TPHRIEX1CPPKI0AFV,11:45:00,FALSE
1TPHT08X137DCREAF8,11:12:00,0:09:00
1TPHT08X137DCREAF8,11:21:00,FALSE
1TPHU5AX1G2HN1RAF8,11:40:00,1:03:00
1TPHU5AX1G2HN1RAF8,12:43:00,FALSE
1TPI/KIX15TBBCOAM9,12:17:25,FALSE
1TPI0G3X1GDSDSKAAL,12:32:14,23:42:16
1TPI0G3X1GDSDSKAAL,12:14:30,FALSE
1TPI3RGX1G6AHHJAFX,10:38:55,0:05:05
1TPI3RGX1G6AHHJAFX,10:44:00,FALSE
1TPI414X1GA0H9BASH,10:35:00,0:06:00
1TPI414X1GA0H9BASH,10:41:00,FALSE
1TPI45IX1FCFRIPAFI,11:37:00,0:57:20
1TPI45IX1FCFRIPAFI,12:34:20,FALSE
1TPI56PX163O5FSAFZ,12:18:30,23:36:30
1TPI56PX163O5FSAFZ,11:55:00,FALSE
1TPI675X1BJ7KCRAF4,10:39:00,0:52:00
1TPI675X1BJ7KCRAF4,11:31:00,FALSE
1TPI6ELX1G58NJDAFB,10:49:00,0:10:00
1TPI6ELX1G58NJDAFB,10:59:00,FALSE
1TPI729X1G48R05AF8,10:35:00,0:33:00
1TPI729X1G48R05AF8,11:08:00,FALSE
1TPIAI8X1G1128UAFA,11:39:49,0:36:18
1TPIAI8X1G1128UAFA,12:16:07,0:00:30
1TPIAI8X1G1128UAFA,12:16:37,0:17:45
1TPIAI8X1G1128UAFA,12:34:22,FALSE
1TPIBQCX1GBNQDJAA2,12:04:00,0:36:33
1TPIBQCX1GBNQDJAA2,12:40:33,FALSE
1TPIEC9X15FBQ23AFY,12:38:48,0:06:46
1TPIEC9X15FBQ23AFY,12:45:34,FALSE
1TPIF4DX105OVCIAFY,11:05:30,0:39:30
1TPIF4DX105OVCIAFY,11:45:00,FALSE
1TPIFQ2X1DVU2PAAAS,11:37:00,0:08:00
1TPIFQ2X1DVU2PAAAS,11:45:00,FALSE
1TPIHBHX1G7LFTEAAI,12:39:45,22:44:15
1TPIHBHX1G7LFTEAAI,11:24:00,FALSE
1TPIHL8X1G9NQJ8AA6,11:11:50,0:06:10
1TPIHL8X1G9NQJ8AA6,11:18:00,FALSE
1TPII6DX1E3KQN2AAM,11:41:00,0:10:32
1TPII6DX1E3KQN2AAM,11:51:32,FALSE
1TPIIJDX1G4F7Q4AF9,10:38:00,1:04:00
1TPIIJDX1G4F7Q4AF9,11:42:00,FALSE
1TPIJ0VX1FLD93CAAH,12:10:38,23:33:15
1TPIJ0VX1FLD93CAAH,11:43:53,FALSE
1TPIKABX1G0I42FAFZ,11:08:00,1:08:01
1TPIKABX1G0I42FAFZ,12:16:01,FALSE
1TPIL4FX1G25OJ4AFQ,11:39:51,0:06:38
1TPIL4FX1G25OJ4AFQ,11:46:29,FALSE
1TPILFNX1G9BRLNAME,11:15:00,0:29:55
1TPILFNX1G9BRLNAME,11:44:55,FALSE
1TPIMKIX15TBBCOAM9,11:55:00,FALSE
1TPIMPRX1GBHIGVASO,10:52:00,0:36:05
1TPIMPRX1GBHIGVASO,11:28:05,FALSE
1TPIN9PX168FICNASG,11:05:00,1:09:00
1TPIN9PX168FICNASG,12:14:00,FALSE
1TPIO99X16502EJAFF,10:42:03,0:46:57
1TPIO99X16502EJAFF,11:29:00,FALSE
1TPIP79X1G7KPPQAA5,11:24:00,0:10:00
1TPIP79X1G7KPPQAA5,11:34:00,FALSE
1TPIPADX1G39A7MAAH,11:11:51,0:08:09
1TPIPADX1G39A7MAAH,11:20:00,FALSE
1TPIQOUX193G7DAAFL,11:07:00,0:10:42
1TPIQOUX193G7DAAFL,11:17:42,FALSE
1TPIRDAX1DQCDHUAFS,11:05:25,0:39:35
1TPIRDAX1DQCDHUAFS,11:45:00,FALSE
1TPIRNPX1GBVQTBAA7,11:37:08,0:08:52
1TPIRNPX1GBVQTBAA7,11:46:00,FALSE
1TPIS1SX1G1ENOVAFH,12:15:15,0:23:45
1TPIS1SX1G1ENOVAFH,12:39:00,FALSE
1TPIT91X1G9NQS7NAN,12:28:20,0:02:46
1TPIT91X1G9NQS7NAN,12:31:06,FALSE
1TPIU9GX1FVC7I2AS9,10:42:00,0:24:25
1TPIU9GX1FVC7I2AS9,11:06:25,FALSE
1TPIVEGX1GAF69LAMT,12:12:54,0:00:55
1TPIVEGX1GAF69LAMT,12:13:49,FALSE
1TPIVNRX1G9KHLIAAC,11:44:00,0:08:00
1TPIVNRX1G9KHLIAAC,11:52:00,FALSE
1TPJ21RX1G4PQ5BAFU,10:56:00,0:01:09
1TPJ21RX1G4PQ5BAFU,10:57:09,FALSE
1TPJ3C8X1G694MSAFO,11:58:00,0:09:00
1TPJ3C8X1G694MSAFO,12:07:00,FALSE
1TPJ3G0X1G9H45BAF3,12:06:44,23:07:16
1TPJ3G0X1G9H45BAF3,11:14:00,FALSE
1TPJ3NOX1G8BA0PVF4,10:50:00,0:13:35
1TPJ3NOX1G8BA0PVF4,11:03:35,FALSE
1TPJ3OCX0VNHEHHAF4,11:36:33,0:36:02
1TPJ3OCX0VNHEHHAF4,12:12:35,FALSE
1TPJ3VEX1FPJPKDAF5,11:08:00,1:06:38
1TPJ3VEX1FPJPKDAF5,12:14:38,FALSE
1TPJ5ISX11PGLAHAFW,10:27:00,0:34:00
1TPJ5ISX11PGLAHAFW,11:01:00,FALSE
1TPJ6S0X1G3MM2FAAB,12:12:46,23:36:14
1TPJ6S0X1G3MM2FAAB,11:49:00,FALSE
1TPJ7PAX1G1EM9HAFM,10:39:00,0:51:00
1TPJ7PAX1G1EM9HAFM,11:30:00,FALSE
1TPJAL8X18J3VFRAF7,11:10:00,0:30:57
1TPJAL8X18J3VFRAF7,11:40:57,FALSE
1TPJB5PX1FUSAG3AAJ,12:23:02,0:04:09
1TPJB5PX1FUSAG3AAJ,12:27:11,FALSE
1TPJDRGX1GA310GAFW,11:17:00,0:28:00
1TPJDRGX1GA310GAFW,11:45:00,FALSE
1TPJFRQX1FR9LG8AF6,12:00:00,0:41:00
1TPJFRQX1FR9LG8AF6,12:41:00,FALSE
1TPJHMPX1GAOB86NAN,12:17:15,0:05:45
1TPJHMPX1GAOB86NAN,12:23:00,FALSE
1TPJIB0X1G7HFHJAA1,11:59:18,0:27:09
1TPJIB0X1G7HFHJAA1,12:26:27,FALSE
1TPJIQAX1G4IGHONFE,11:39:22,0:28:50
1TPJIQAX1G4IGHONFE,12:08:12,FALSE
1TPJJ1RX1GAAIGMAFH,10:51:00,0:35:46
1TPJJ1RX1GAAIGMAFH,11:26:46,FALSE
1TPJJP0X1G04LBSAAS,12:21:17,0:28:43
1TPJJP0X1G04LBSAAS,12:50:00,FALSE
1TPJKFJX1G9K63BAFM,11:11:00,0:58:00
1TPJKFJX1G9K63BAFM,12:09:00,FALSE
1TPJLVAX1G9THB5AF8,12:07:00,0:33:00
1TPJLVAX1G9THB5AF8,12:40:00,FALSE
1TPJMKIX1GA3SKIAA2,11:11:00,0:06:00
1TPJMKIX1GA3SKIAA2,11:17:00,FALSE
1TPJO3JX1G8Q9O5AF9,10:40:40,0:56:20
1TPJO3JX1G8Q9O5AF9,11:37:00,FALSE
1TPJPDPX165P6V2AFL,11:17:00,0:28:00
1TPJPDPX165P6V2AFL,11:45:00,FALSE
1TPJPTLX1G741TIAAW,11:34:00,0:04:01
1TPJPTLX1G741TIAAW,11:38:01,FALSE
1TPJRSAX1G4QQ2VASX,10:52:00,0:36:08
1TPJRSAX1G4QQ2VASX,11:28:08,FALSE
1TPJSDCX1G8J4SLAAQ,11:11:29,0:05:31
1TPJSDCX1G8J4SLAAQ,11:17:00,FALSE
1TPJSIDX1G38PA6AFK,11:52:00,0:36:12
1TPJSIDX1G38PA6AFK,12:28:12,FALSE
1TPJSSFX11QCEMSAFF,11:46:00,0:42:16
1TPJSSFX11QCEMSAFF,12:28:16,FALSE
1TPJTA7X1GB6DE1AMV,12:26:00,0:07:11
1TPJTA7X1GB6DE1AMV,12:33:11,FALSE
1TPJTHEX1G70PFMAA5,11:24:00,FALSE
1TPJTV0X0UNVGM3AFS,10:41:00,0:26:00
1TPJTV0X0UNVGM3AFS,11:07:00,FALSE
1TPJUEGX1G6VFTDASJ,11:23:24,0:50:36
1TPJUEGX1G6VFTDASJ,12:14:00,FALSE
1TPJV6NX1FTBJ0SAF7,11:09:00,0:29:39
1TPJV6NX1FTBJ0SAF7,11:38:39,FALSE
1TPK13OX1G5N8QQAAH,11:35:00,0:07:00
1TPK13OX1G5N8QQAAH,11:42:00,FALSE
1TPK24UX15LJAEGAFS,12:05:00,FALSE
1TPK25LX1G379OTASK,10:38:13,0:04:47
1TPK25LX1G379OTASK,10:43:00,FALSE
1TPK3D3X1993VNTAFX,12:09:00,FALSE
1TPK4D1X1E52JKCAMR,12:22:00,0:28:00
1TPK4D1X1E52JKCAMR,12:50:00,FALSE
1TPK5K3X1GBUJQHAFY,10:36:37,0:04:23
1TPK5K3X1GBUJQHAFY,10:41:00,FALSE
1TPK5M0X18PHC6CAFD,12:02:34,FALSE
1TPK6F8X1FGDEELAMZ,11:56:00,0:27:16
1TPK6F8X1FGDEELAMZ,12:23:16,FALSE
1TPK7HCX164N2MUAFG,11:01:00,0:43:46
1TPK7HCX164N2MUAFG,11:44:46,FALSE
1TPK7PDX1G6NB3EAFS,10:41:14,0:49:46
1TPK7PDX1G6NB3EAFS,11:31:00,FALSE
1TPK9HCX1GBIP2FAFI,10:52:26,0:33:34
1TPK9HCX1GBIP2FAFI,11:26:00,FALSE
1TPKB9QX1GAINE9AF0,10:41:00,0:49:00
1TPKB9QX1GAINE9AF0,11:30:00,FALSE
1TPKBCGX1GB5L73AFG,10:50:00,0:10:00
1TPKBCGX1GB5L73AFG,11:00:00,FALSE
1TPKBD6X1G6DSKTAA0,12:32:03,22:41:57
1TPKBD6X1G6DSKTAA0,11:14:00,FALSE
1TPKDUGX112OJJLAF7,11:06:00,0:05:00
1TPKDUGX112OJJLAF7,11:11:00,FALSE
1TPKF8GX168QL7PASJ,10:42:00,0:27:00
1TPKF8GX168QL7PASJ,11:09:00,FALSE
1TPKFJQX1GA0LUJAAS,11:49:00,0:21:00
1TPKFJQX1GA0LUJAAS,12:10:00,FALSE
1TPKI25X15C0DK0NFK,12:21:24,0:02:29
1TPKI25X15C0DK0NFK,12:23:53,FALSE
1TPKINHX15D3ST0AFZ,10:42:00,0:47:56
1TPKINHX15D3ST0AFZ,11:29:56,FALSE
1TPKIVCX164K49GAF5,10:40:00,0:23:28
1TPKIVCX164K49GAF5,11:03:28,FALSE
1TPKJ99X1GAM7M2AFT,10:41:39,0:48:21
1TPKJ99X1GAM7M2AFT,11:30:00,FALSE
1TPKJAVX15AT2EJAAX,11:36:12,0:04:48
1TPKJAVX15AT2EJAAX,11:41:00,FALSE
1TPKJKLX1G99R58AFL,11:17:00,0:28:00
1TPKJKLX1G99R58AFL,11:45:00,FALSE
1TPKJUAX190MKBUAA5,12:14:19,0:27:35
1TPKJUAX190MKBUAA5,12:41:54,FALSE
1TPKK3KX1G6V5K8AF2,12:08:00,0:30:29
1TPKK3KX1G6V5K8AF2,12:38:29,FALSE
1TPKK8AX1G879O7AF7,10:38:00,0:43:00
1TPKK8AX1G879O7AF7,11:21:00,FALSE
1TPKKGOX1GA38QQAAN,11:27:00,0:10:00
1TPKKGOX1GA38QQAAN,11:37:00,FALSE
1TPKL47X15DUJ1AAAP,11:12:22,0:04:38
1TPKL47X15DUJ1AAAP,11:17:00,FALSE
1TPKLQMX1G8RD1EAF5,10:50:00,0:36:08
1TPKLQMX1G8RD1EAF5,11:26:08,FALSE
1TPKM4DX1GABF9EAFH,10:55:00,1:08:00
1TPKM4DX1GABF9EAFH,12:03:00,FALSE
1TPKN37X1GAUBFOAA0,12:13:59,0:05:01
1TPKN37X1GAUBFOAA0,12:19:00,FALSE
1TPKOI9X1G0LC2EAAR,11:33:00,0:07:19
1TPKOI9X1G0LC2EAAR,11:40:19,FALSE
1TPKOS4X1G7B0MGAFO,11:23:13,0:07:05
1TPKOS4X1G7B0MGAFO,11:30:18,FALSE
1TPKPN0X19UTTJ5AFR,11:49:00,0:21:00
1TPKPN0X19UTTJ5AFR,12:10:00,FALSE
1TPKPRPX1G6GR45AMM,11:57:16,0:33:57
1TPKPRPX1G6GR45AMM,12:31:13,FALSE
1TPKR28X1G6PHRJAFR,10:52:00,0:51:00
1TPKR28X1G6PHRJAFR,11:43:00,FALSE
1TPKUGLX1G7VBE2AS2,10:35:00,0:39:00
1TPKUGLX1G7VBE2AS2,11:14:00,FALSE
1TPKVE6X1F9GT47NFO,10:44:00,0:50:00
1TPKVE6X1F9GT47NFO,11:34:00,FALSE
1TPL098X1GD21FNAAH,11:04:00,0:19:00
1TPL098X1GD21FNAAH,11:23:00,FALSE
1TPL31GX1FQGH26AFP,10:40:27,0:49:33
1TPL31GX1FQGH26AFP,11:30:00,FALSE
1TPL8LCX1G0I70MAAR,12:35:41,0:02:19
1TPL8LCX1G0I70MAAR,12:38:00,FALSE
1TPLA87X1G85K48AM1,11:54:00,0:40:31
1TPLA87X1G85K48AM1,12:34:31,FALSE
1TPLBBOX1FUD96LAAH,11:35:14,0:06:46
1TPLBBOX1FUD96LAAH,11:42:00,FALSE
1TPLBQMX1DP6OBIAF5,10:41:00,1:04:00
1TPLBQMX1DP6OBIAF5,11:45:00,FALSE
1TPLDD5X1G1VV7MNFS,10:41:35,0:48:25
1TPLDD5X1G1VV7MNFS,11:30:00,FALSE
1TPLDMIX1GBQVDDAFQ,10:38:00,1:02:00
1TPLDMIX1GBQVDDAFQ,11:40:00,FALSE
1TPLH2PX1GA52B5AF6,11:22:00,0:12:00
1TPLH2PX1GA52B5AF6,11:34:00,FALSE
,,
,,
,,
,,
,,
,,
,,
,,
,,
,,
,,
,,
,,
,,
,,
,,
,,
,,
,,
,,
,,
,,
,,
,,
,,
,,
,,
,,
,,
,,
,,
,,
,,
,,
,,
,,
,,
,,
,,
,,
,,
,,
,,
,,
,,
,,
,,
,,
,,
,,
,,
,,
,,
,,
,,
,,
,,
,,
,,
,,
,,
,,
,,
,,
,,
,,
,,
,,
,,
,,
,,
,,
,,
,,
,,
,,
,,
,,
,,
,,
,,
,,
,,
,,
,,
,,
,,
,,
,,
,,
,,
,,
,,
,,
,,
,,
,,
,,
,,
,,
,,
,,
,,
,,
,,
,,
,,
,,
,,
,,
,,
,,
,,
,,
,,
,,
,,
,,
,,
,,
,,
,,
,,
,,
,,
